{"type":"FeatureCollection","features":[
    {
        "type": "Feature",
        "properties": {
            "distance_mi": 4.01,
            "ascent_ft": 198.82,
            "descent_ft": 260.07,
            "start_exchange": 168,
            "end_exchange": 167,
            "notes": "Mostly well maintained sidewalks along 99. Few crosssings, but be careful at large intersections! Food, coffee, and groceries can be found in Federal Way downtown as well as along 99.",
            "start_name": "Federal Way",
            "end_name": "Star Lake",
            "attributes": [],
            "time": "2026-08-08T00:00:00Z",
            "sequence": [
                0
            ],
            "lines": [
                "lrr_1line"
            ],
            "id": 0
        }, "geometry":{"type":"LineString","coordinates":[[-122.30381,47.31628,131.68],[-122.30381,47.31628,131.7],[-122.30369,47.31641,131.77],[-122.3037,47.31646,132.03],[-122.30356,47.31662,132.08],[-122.30355,47.31668,132.23],[-122.30342,47.31684,132.81],[-122.30342,47.31689,132.81],[-122.3033,47.31704,132.92],[-122.30324,47.31709,132.79],[-122.30322,47.3171,132.75],[-122.30355,47.3172,132.6],[-122.30349,47.31728,132.02],[-122.30347,47.31736,132.25],[-122.3035,47.31746,132.98],[-122.30354,47.31749,132.83],[-122.30354,47.31749,132.83],[-122.30354,47.31749,132.83],[-122.30361,47.31756,132.95],[-122.30359,47.31761,133.16],[-122.30361,47.3177,133.39],[-122.30357,47.31771,133.47],[-122.30354,47.31773,133.47],[-122.30353,47.31776,133.65],[-122.30354,47.3178,133.67],[-122.30374,47.31793,133.91],[-122.3038,47.31799,134.05],[-122.30403,47.31815,134.79],[-122.30421,47.31835,135.49],[-122.30433,47.31859,136.61],[-122.30437,47.31862,136.93],[-122.30442,47.31863,137.01],[-122.30442,47.31865,136.89],[-122.30439,47.31878,136.93],[-122.30438,47.31879,137.07],[-122.3067,47.31882,138.72],[-122.30788,47.31882,139.85],[-122.30794,47.31883,139.94],[-122.30798,47.31888,140.09],[-122.30822,47.31888,140.0],[-122.30825,47.31885,139.89],[-122.30833,47.31882,139.77],[-122.30906,47.31882,140.1],[-122.3107,47.31883,140.32],[-122.31071,47.31884,140.32],[-122.31072,47.31883,140.26],[-122.31112,47.31883,139.14],[-122.31148,47.31878,137.64],[-122.31182,47.31876,136.41],[-122.31299,47.31877,135.21],[-122.3131,47.31878,135.41],[-122.31311,47.31877,135.27],[-122.31311,47.31877,135.27],[-122.3131,47.31878,135.41],[-122.31315,47.3188,135.65],[-122.31317,47.31885,135.83],[-122.31316,47.32066,140.14],[-122.31317,47.3212,140.73],[-122.31318,47.32126,140.73],[-122.31318,47.32158,141.02],[-122.31317,47.32162,141.03],[-122.31317,47.32225,141.56],[-122.31314,47.32228,141.66],[-122.31309,47.3223,141.65],[-122.31309,47.32233,141.49],[-122.31311,47.32249,141.43],[-122.3131,47.3225,141.49],[-122.31315,47.32253,141.71],[-122.31316,47.32407,143.03],[-122.31316,47.32409,143.07],[-122.31313,47.32412,143.13],[-122.31316,47.32413,142.97],[-122.31316,47.32429,143.07],[-122.31314,47.32431,143.25],[-122.31315,47.32435,143.21],[-122.31312,47.32495,143.8],[-122.31307,47.32547,144.4],[-122.313,47.32592,145.0],[-122.31295,47.32594,145.04],[-122.31295,47.32596,144.9],[-122.31292,47.32611,144.85],[-122.31291,47.32614,145.09],[-122.31293,47.32616,145.13],[-122.31295,47.3262,145.34],[-122.31287,47.32657,145.8],[-122.31264,47.32745,146.7],[-122.31243,47.32811,147.48],[-122.31238,47.32829,147.95],[-122.31235,47.32832,148.09],[-122.31232,47.32834,147.95],[-122.31232,47.32834,147.89],[-122.31227,47.32847,148.06],[-122.31226,47.32848,148.16],[-122.31227,47.32852,148.44],[-122.31227,47.32855,148.51],[-122.3121,47.3292,148.32],[-122.31204,47.32951,148.44],[-122.31203,47.32953,148.3],[-122.31199,47.32956,148.23],[-122.31196,47.32957,148.03],[-122.31195,47.32973,147.8],[-122.31197,47.32976,148.02],[-122.31197,47.32979,147.92],[-122.31188,47.33031,146.97],[-122.31188,47.33031,146.97],[-122.31184,47.33053,146.3],[-122.31182,47.33086,145.12],[-122.31178,47.3316,140.66],[-122.31178,47.33202,136.37],[-122.31181,47.33282,134.65],[-122.31182,47.33336,134.18],[-122.31184,47.33346,133.59],[-122.31185,47.33369,132.76],[-122.31185,47.33378,132.39],[-122.31183,47.3338,132.38],[-122.31184,47.3338,132.32],[-122.31184,47.33395,132.03],[-122.31184,47.33395,132.05],[-122.31186,47.33396,131.75],[-122.31186,47.33398,131.69],[-122.31191,47.33574,129.61],[-122.31193,47.33665,131.29],[-122.31194,47.33695,131.42],[-122.31196,47.3381,134.41],[-122.31204,47.34074,135.79],[-122.31203,47.34254,134.74],[-122.31206,47.34323,133.6],[-122.31203,47.34331,133.38],[-122.31204,47.34354,133.03],[-122.31208,47.34358,132.68],[-122.3121,47.34372,132.36],[-122.31211,47.34425,130.85],[-122.3121,47.34428,130.85],[-122.31218,47.34588,125.7],[-122.31219,47.34592,125.49],[-122.31223,47.34688,122.6],[-122.31221,47.34693,122.53],[-122.31222,47.34747,120.64],[-122.31223,47.34758,120.45],[-122.31223,47.3477,120.98],[-122.31224,47.34956,115.04],[-122.3122,47.35028,112.45],[-122.31213,47.35091,110.21],[-122.31202,47.35149,108.08],[-122.31185,47.35219,105.44],[-122.31174,47.35245,104.08],[-122.31154,47.35316,101.9],[-122.3114,47.35351,100.41],[-122.31138,47.35365,100.02],[-122.31112,47.35426,99.19],[-122.31109,47.35431,99.19],[-122.31107,47.35434,99.19],[-122.31102,47.35435,99.21],[-122.311,47.35442,98.95],[-122.31093,47.35455,99.02],[-122.31094,47.35457,99.0],[-122.31093,47.3546,99.01],[-122.31072,47.35501,98.78],[-122.31025,47.35585,98.37],[-122.31026,47.35588,98.39],[-122.30982,47.35665,97.99],[-122.30942,47.35738,97.56],[-122.30945,47.35739,97.54],[-122.30926,47.35779,97.01],[-122.3092,47.35783,96.61],[-122.3092,47.35784,96.59],[-122.30915,47.35795,96.52],[-122.30908,47.35804,96.47],[-122.30902,47.35811,96.14],[-122.309,47.35811,96.2],[-122.309,47.35811,96.2],[-122.309,47.35811,96.2],[-122.30899,47.35809,96.09],[-122.3089,47.35807,95.84],[-122.3082,47.35807,94.16],[-122.30793,47.35802,93.32],[-122.30641,47.35803,86.16],[-122.30455,47.35803,84.18],[-122.30285,47.35804,85.51],[-122.30245,47.35804,87.49],[-122.30205,47.35804,88.64],[-122.30172,47.35804,92.76],[-122.30048,47.35803,103.45],[-122.29991,47.35803,106.27],[-122.29991,47.35803,106.27],[-122.29966,47.35803,107.93],[-122.29966,47.35803,107.93],[-122.29966,47.35863,108.96],[-122.29964,47.35882,108.83],[-122.2996,47.35891,108.98],[-122.29949,47.35906,109.49],[-122.29931,47.35927,110.17],[-122.29931,47.35927,110.17],[-122.29931,47.35927,110.17],[-122.29895,47.35949,111.35],[-122.29825,47.35909,112.12],[-122.2977,47.35896,113.01]]}
    },
    {
        "type": "Feature",
        "properties": {
            "distance_mi": 0.84,
            "ascent_ft": 19.95,
            "descent_ft": 23.06,
            "start_exchange": 265,
            "end_exchange": 264,
            "notes": "Safe, short segment on trail and sidewalk. High density of food in downtown Redmond.",
            "start_name": "Redmond Downtown",
            "end_name": "Marymoor Village",
            "attributes": [],
            "time": "2026-08-09T00:00:00Z",
            "sequence": [
                0
            ],
            "lines": [
                "lrr_2line"
            ],
            "id": 1
        }, "geometry":{"type":"LineString","coordinates":[[-122.11841,47.6717,13.26],[-122.11854,47.67158,12.95],[-122.11854,47.67158,12.95],[-122.11745,47.67132,12.98],[-122.11454,47.67059,13.04],[-122.11454,47.67059,13.04],[-122.11454,47.67059,13.04],[-122.1139,47.67042,13.56],[-122.11384,47.67043,13.62],[-122.11384,47.67042,13.6],[-122.11361,47.67034,13.72],[-122.11359,47.67033,13.74],[-122.11345,47.6703,12.3],[-122.11339,47.6703,12.04],[-122.11339,47.6703,12.04],[-122.11336,47.67029,12.04],[-122.1132,47.6703,13.46],[-122.11305,47.6703,13.38],[-122.1129,47.67027,13.39],[-122.11161,47.66995,13.29],[-122.11133,47.66991,13.1],[-122.11122,47.66989,13.22],[-122.11072,47.66978,13.32],[-122.10977,47.66956,13.56],[-122.10864,47.6693,13.98],[-122.10824,47.66919,14.26],[-122.10808,47.66914,13.99],[-122.10776,47.66897,14.26],[-122.10764,47.66889,14.14],[-122.10749,47.66881,14.02],[-122.10696,47.66861,15.78],[-122.10653,47.66846,13.59],[-122.10625,47.66834,13.56],[-122.1054,47.66794,13.97],[-122.10534,47.66789,13.99],[-122.10531,47.66783,13.99],[-122.10529,47.66778,14.09],[-122.10529,47.66772,13.99],[-122.10529,47.66772,13.99],[-122.10529,47.66771,13.97],[-122.10538,47.6677,13.87],[-122.10559,47.6677,13.96],[-122.10567,47.66769,13.97],[-122.10636,47.66769,13.24],[-122.10636,47.66769,13.24],[-122.10636,47.66769,13.24],[-122.10644,47.66769,13.26],[-122.10647,47.66775,13.16],[-122.10803,47.66743,12.53],[-122.10803,47.66743,12.53],[-122.10822,47.6674,12.31]]}
    },
    {
        "type": "Feature",
        "properties": {
            "distance_mi": 2.6,
            "ascent_ft": 355.48,
            "descent_ft": 42.88,
            "start_exchange": 264,
            "end_exchange": 263,
            "notes": "",
            "start_name": "Marymoor Village",
            "end_name": "Redmond Technology",
            "attributes": [],
            "time": "2026-08-08T00:00:00Z",
            "sequence": [
                1
            ],
            "lines": [
                "lrr_2line"
            ],
            "id": 2
        }, "geometry":{"type":"LineString","coordinates":[[-122.10822,47.6674,12.31],[-122.10886,47.66728,12.78],[-122.10951,47.66716,13.25],[-122.10975,47.66712,12.71],[-122.10975,47.66712,12.71],[-122.11093,47.66688,12.81],[-122.11106,47.66685,12.61],[-122.11118,47.6668,12.39],[-122.11124,47.66676,12.43],[-122.11128,47.6667,12.43],[-122.11131,47.66663,12.48],[-122.11131,47.66655,12.52],[-122.11117,47.66598,13.97],[-122.11115,47.66587,13.97],[-122.11115,47.66578,14.25],[-122.11119,47.66569,14.24],[-122.11123,47.66567,13.82],[-122.11127,47.66563,13.42],[-122.11133,47.66555,12.9],[-122.11134,47.66552,12.78],[-122.11136,47.66524,12.32],[-122.11133,47.66521,12.26],[-122.11141,47.66513,12.1],[-122.11174,47.66486,11.46],[-122.11177,47.66483,11.36],[-122.1118,47.66477,11.26],[-122.11238,47.66471,11.23],[-122.1126,47.66472,11.26],[-122.1127,47.66474,11.23],[-122.11282,47.66477,11.2],[-122.11296,47.66483,11.19],[-122.11312,47.66479,11.31],[-122.1132,47.66479,11.35],[-122.11321,47.66417,10.68],[-122.11326,47.66411,10.6],[-122.11357,47.66411,10.94],[-122.11364,47.66412,11.0],[-122.11366,47.66404,11.35],[-122.11371,47.66405,11.33],[-122.11384,47.66406,11.4],[-122.11436,47.66406,11.83],[-122.1145,47.66406,11.84],[-122.11482,47.66407,11.55],[-122.11504,47.6641,11.44],[-122.1155,47.66425,11.27],[-122.11577,47.6644,11.15],[-122.11603,47.66452,11.13],[-122.11618,47.66457,11.16],[-122.11633,47.66461,11.2],[-122.11655,47.66462,11.21],[-122.11675,47.66462,11.17],[-122.11694,47.66459,11.11],[-122.11716,47.66453,10.96],[-122.11741,47.66443,10.91],[-122.11782,47.66416,10.69],[-122.11802,47.66407,10.78],[-122.11816,47.66404,10.97],[-122.11834,47.66404,11.21],[-122.11859,47.66408,11.54],[-122.11877,47.6641,11.6],[-122.11913,47.66405,11.61],[-122.11936,47.66406,11.6],[-122.12018,47.66411,11.41],[-122.12032,47.6641,11.38],[-122.12077,47.66407,11.86],[-122.12135,47.66398,11.71],[-122.12148,47.66396,11.7],[-122.12201,47.66388,11.64],[-122.12211,47.66384,11.72],[-122.12234,47.66371,11.92],[-122.12246,47.6636,12.02],[-122.12251,47.66354,12.08],[-122.12261,47.66333,12.09],[-122.12267,47.66324,12.07],[-122.12284,47.66307,12.06],[-122.123,47.66297,12.08],[-122.12309,47.66293,11.99],[-122.12318,47.66291,12.0],[-122.12323,47.6629,12.0],[-122.12327,47.66291,11.98],[-122.12453,47.66313,11.74],[-122.12482,47.66327,12.08],[-122.12497,47.66333,12.37],[-122.12523,47.66327,13.0],[-122.12527,47.66318,13.33],[-122.12533,47.66309,13.66],[-122.12576,47.66268,13.92],[-122.12587,47.66259,13.99],[-122.12605,47.66239,14.11],[-122.12614,47.66228,14.19],[-122.12616,47.66222,14.43],[-122.12601,47.66194,15.18],[-122.12598,47.66191,15.18],[-122.12595,47.66191,15.18],[-122.12594,47.6619,15.11],[-122.12595,47.66188,15.07],[-122.12583,47.66171,15.32],[-122.1261,47.66159,15.94],[-122.12612,47.66158,15.98],[-122.12549,47.66087,17.62],[-122.12548,47.66065,19.84],[-122.12539,47.66057,21.28],[-122.1254,47.66042,26.45],[-122.12547,47.66038,27.92],[-122.12548,47.66032,29.16],[-122.12555,47.6601,33.25],[-122.12564,47.66002,34.1],[-122.12578,47.65993,36.35],[-122.126,47.65982,38.61],[-122.12608,47.65978,39.43],[-122.12618,47.65968,41.76],[-122.12639,47.65963,43.59],[-122.12645,47.65955,44.22],[-122.12669,47.65934,46.73],[-122.12681,47.65916,47.78],[-122.12709,47.65906,50.37],[-122.12719,47.65897,50.52],[-122.12725,47.65886,49.1],[-122.12731,47.65879,48.02],[-122.12732,47.65873,49.02],[-122.1274,47.65868,49.89],[-122.12755,47.65867,52.41],[-122.1278,47.65872,54.18],[-122.12779,47.65853,54.57],[-122.12779,47.65853,54.57],[-122.12779,47.65853,54.57],[-122.12782,47.65846,54.77],[-122.12781,47.65842,55.37],[-122.12782,47.65841,55.54],[-122.12782,47.65808,59.5],[-122.12781,47.65807,59.4],[-122.12781,47.65796,59.58],[-122.12782,47.65795,59.68],[-122.12781,47.65671,65.1],[-122.12781,47.65664,65.55],[-122.12784,47.65658,66.07],[-122.12788,47.65652,66.56],[-122.12794,47.65648,67.04],[-122.12807,47.65641,67.79],[-122.12842,47.65636,69.47],[-122.12842,47.65636,69.47],[-122.12843,47.65636,69.45],[-122.12844,47.65635,69.43],[-122.12841,47.65624,69.45],[-122.1284,47.65623,69.51],[-122.12836,47.65604,70.44],[-122.12834,47.65589,71.6],[-122.12834,47.6556,73.82],[-122.12835,47.65559,73.74],[-122.12834,47.65548,73.95],[-122.12834,47.65548,73.95],[-122.12832,47.65477,76.11],[-122.1283,47.65474,75.88],[-122.12832,47.65474,75.93],[-122.12829,47.65462,76.02],[-122.12829,47.65462,76.02],[-122.12969,47.65445,82.75],[-122.13003,47.65443,83.86],[-122.13107,47.65432,87.56],[-122.13114,47.6543,87.81],[-122.13115,47.6543,87.81],[-122.13125,47.6543,88.22],[-122.13136,47.65428,88.81],[-122.13137,47.65427,88.91],[-122.1314,47.65428,89.11],[-122.13169,47.65424,91.02],[-122.13183,47.65421,92.05],[-122.13225,47.65415,94.26],[-122.13231,47.65413,94.49],[-122.13234,47.65409,94.77],[-122.1323,47.65228,98.8],[-122.1323,47.65217,98.92],[-122.13228,47.65212,98.99],[-122.13227,47.6521,99.01],[-122.13229,47.65209,99.2],[-122.1323,47.65207,99.32],[-122.13224,47.64988,101.45],[-122.13223,47.64985,101.46],[-122.13221,47.64982,101.33],[-122.13218,47.6498,101.09],[-122.13219,47.64978,101.09],[-122.1322,47.64967,101.23],[-122.13218,47.64966,101.27],[-122.1322,47.64964,101.45],[-122.1322,47.6496,101.59],[-122.13218,47.64849,103.13],[-122.13217,47.64831,103.25],[-122.13217,47.64829,103.39],[-122.13216,47.64674,104.41],[-122.13214,47.64632,104.28],[-122.13209,47.6462,103.86],[-122.13209,47.64617,103.52],[-122.13208,47.64594,103.78],[-122.13208,47.64591,103.9],[-122.13214,47.64591,103.94],[-122.13251,47.64592,104.33],[-122.13254,47.6459,104.45],[-122.13258,47.64593,104.87],[-122.13268,47.64593,105.31],[-122.13269,47.64592,105.39],[-122.13278,47.64592,105.76],[-122.13304,47.64585,107.3],[-122.13315,47.64584,107.83],[-122.13334,47.64585,108.93],[-122.13343,47.64588,109.33],[-122.13347,47.64582,109.46],[-122.13349,47.64579,109.08],[-122.13352,47.64574,107.86],[-122.13352,47.64574,107.86],[-122.13352,47.64574,107.86],[-122.13355,47.64569,107.59]]}
    },
    {
        "type": "Feature",
        "properties": {
            "distance_mi": 2.99,
            "ascent_ft": 217.49,
            "descent_ft": 188.91,
            "start_exchange": 167,
            "end_exchange": 166,
            "notes": "Mostly well maintained sidewalks along 99. Few crosssings, but be careful at large intersections! Food, coffee, and groceries along 99.",
            "start_name": "Star Lake",
            "end_name": "Kent/Des Moines",
            "attributes": [],
            "time": "2026-08-08T00:00:00Z",
            "sequence": [
                1
            ],
            "lines": [
                "lrr_1line"
            ],
            "id": 3
        }, "geometry":{"type":"LineString","coordinates":[[-122.29771,47.35896,113.01],[-122.29825,47.35909,112.12],[-122.29895,47.35949,111.35],[-122.29931,47.35927,110.17],[-122.29931,47.35927,110.17],[-122.2995,47.35906,109.49],[-122.2996,47.3589,108.99],[-122.29964,47.35881,108.71],[-122.29965,47.35873,108.9],[-122.29966,47.35803,107.93],[-122.29966,47.35803,107.93],[-122.30027,47.35803,105.16],[-122.30172,47.35804,92.76],[-122.30205,47.35804,88.64],[-122.30245,47.35804,87.49],[-122.30285,47.35804,85.51],[-122.30455,47.35803,84.18],[-122.30641,47.35803,86.16],[-122.3079,47.35802,93.22],[-122.30813,47.35805,94.04],[-122.30813,47.35805,94.04],[-122.3082,47.35807,94.16],[-122.3089,47.35807,95.84],[-122.30899,47.35809,96.09],[-122.309,47.35811,96.2],[-122.30903,47.35817,96.28],[-122.30902,47.3582,96.26],[-122.30902,47.3582,96.26],[-122.30902,47.3582,96.26],[-122.3088,47.35863,95.09],[-122.30853,47.3592,93.85],[-122.30853,47.3592,93.85],[-122.30853,47.3592,93.85],[-122.30839,47.35949,92.98],[-122.30731,47.36157,87.7],[-122.30714,47.36187,87.24],[-122.30622,47.36363,87.85],[-122.30586,47.36431,86.74],[-122.3054,47.3652,82.05],[-122.30493,47.3661,80.43],[-122.30464,47.36663,81.06],[-122.30461,47.36667,81.19],[-122.30457,47.36668,81.12],[-122.30458,47.3667,81.0],[-122.30451,47.36682,81.07],[-122.3045,47.36683,81.13],[-122.30452,47.36688,81.26],[-122.30451,47.3669,81.3],[-122.3043,47.36725,82.0],[-122.30426,47.36727,82.02],[-122.30427,47.36728,81.76],[-122.30419,47.36743,82.03],[-122.30417,47.36744,82.07],[-122.30419,47.36749,82.25],[-122.30418,47.36753,82.43],[-122.30364,47.36854,85.13],[-122.3036,47.36859,85.3],[-122.30361,47.36859,85.26],[-122.30345,47.36884,86.16],[-122.30344,47.36884,86.24],[-122.30345,47.36889,86.54],[-122.30344,47.36893,86.7],[-122.3018,47.37206,97.87],[-122.30174,47.37209,97.72],[-122.30173,47.3721,97.6],[-122.30166,47.37229,98.05],[-122.30165,47.3723,98.09],[-122.30165,47.37233,98.29],[-122.30121,47.37318,99.63],[-122.30118,47.37324,99.87],[-122.30115,47.37326,100.05],[-122.30116,47.37327,99.73],[-122.30108,47.3734,99.91],[-122.30102,47.37348,100.36],[-122.30103,47.37353,100.31],[-122.30084,47.37391,101.63],[-122.29986,47.37572,108.91],[-122.29983,47.37573,109.07],[-122.29977,47.37586,109.52],[-122.29969,47.376,109.66],[-122.29969,47.37606,109.86],[-122.29965,47.37614,109.97],[-122.29884,47.37769,111.71],[-122.29868,47.37801,111.53],[-122.29843,47.37855,110.74],[-122.29843,47.37855,110.74],[-122.29819,47.37909,109.09],[-122.29784,47.38014,106.15],[-122.29777,47.38041,105.73],[-122.29777,47.38041,105.73],[-122.29763,47.38092,105.39],[-122.2969,47.38393,114.42],[-122.29686,47.38396,114.64],[-122.29672,47.38452,116.69],[-122.29675,47.38454,116.56],[-122.29672,47.38465,116.86],[-122.2966,47.38519,118.76],[-122.29631,47.38635,121.9],[-122.29626,47.38639,121.92],[-122.29619,47.3866,122.33],[-122.29618,47.38662,122.39],[-122.29621,47.38664,122.51],[-122.29623,47.38668,122.68],[-122.29621,47.38679,122.89],[-122.2961,47.38725,124.14],[-122.29594,47.38786,125.41],[-122.29587,47.38812,125.69],[-122.29587,47.38812,125.75],[-122.29499,47.38811,122.85],[-122.29499,47.38811,122.85],[-122.29459,47.38811,122.49],[-122.29453,47.38813,122.31],[-122.29448,47.38841,122.39],[-122.2944,47.38878,122.47],[-122.29424,47.38936,122.42],[-122.29429,47.38941,122.56],[-122.29402,47.38938,121.96],[-122.29396,47.38942,121.94],[-122.2939,47.38961,121.53],[-122.29394,47.38965,121.72]]}
    },
    {
        "type": "Feature",
        "properties": {
            "distance_mi": 2.41,
            "ascent_ft": 166.08,
            "descent_ft": 150.59,
            "start_exchange": 166,
            "end_exchange": 165,
            "notes": "Mostly well maintained sidewalks along 99. Few crosssings, but be careful at large intersections! Food, coffee, and groceries along 99.",
            "start_name": "Kent/Des Moines",
            "end_name": "Angle Lake",
            "attributes": [],
            "time": "2026-08-08T00:00:00Z",
            "sequence": [
                2
            ],
            "lines": [
                "lrr_1line"
            ],
            "id": 4
        }, "geometry":{"type":"LineString","coordinates":[[-122.29397,47.38967,121.86],[-122.29395,47.38967,121.82],[-122.29394,47.3897,121.74],[-122.29373,47.39055,121.46],[-122.29362,47.39102,121.11],[-122.29356,47.39114,121.06],[-122.29354,47.39122,120.63],[-122.29364,47.39123,120.96],[-122.2938,47.39128,120.38],[-122.29348,47.39234,116.55],[-122.29348,47.39234,116.55],[-122.29348,47.39241,116.67],[-122.29352,47.39246,116.71],[-122.29382,47.39264,116.81],[-122.2943,47.39298,115.74],[-122.29438,47.39301,115.23],[-122.29447,47.39302,114.84],[-122.29455,47.393,114.86],[-122.2946,47.39306,114.82],[-122.29462,47.39322,114.39],[-122.29461,47.39325,114.32],[-122.29451,47.39358,113.18],[-122.29455,47.39363,113.0],[-122.29457,47.39369,112.69],[-122.29451,47.39373,112.64],[-122.2945,47.39374,112.79],[-122.29459,47.39381,112.44],[-122.2946,47.39386,112.29],[-122.29462,47.39437,111.51],[-122.29458,47.39455,111.41],[-122.2946,47.39474,111.72],[-122.29466,47.39485,111.75],[-122.29466,47.39493,111.83],[-122.29466,47.39498,111.76],[-122.29473,47.39536,112.67],[-122.29477,47.39549,112.99],[-122.2949,47.39593,114.18],[-122.29492,47.39605,114.44],[-122.29499,47.39626,115.04],[-122.29499,47.39626,115.04],[-122.29503,47.39636,115.21],[-122.29517,47.39669,116.22],[-122.2952,47.39683,116.37],[-122.29527,47.39701,117.07],[-122.29537,47.39712,117.16],[-122.29537,47.39715,117.22],[-122.2961,47.39859,116.63],[-122.29637,47.39909,116.14],[-122.29724,47.40081,115.33],[-122.29722,47.40084,115.43],[-122.2973,47.40102,115.33],[-122.29735,47.40105,115.17],[-122.29739,47.40111,115.09],[-122.29744,47.40135,114.68],[-122.29744,47.40135,114.68],[-122.29749,47.40148,114.52],[-122.29756,47.40158,114.48],[-122.2978,47.40226,113.4],[-122.29798,47.40292,112.02],[-122.29812,47.40356,110.53],[-122.29825,47.40445,108.85],[-122.29822,47.4045,108.93],[-122.29817,47.40452,109.14],[-122.29818,47.40453,108.91],[-122.29819,47.40463,109.0],[-122.29819,47.40465,109.14],[-122.29823,47.40466,109.0],[-122.29826,47.40469,108.93],[-122.29827,47.40486,109.19],[-122.29829,47.40518,109.98],[-122.2983,47.40523,110.14],[-122.2983,47.40539,110.74],[-122.29829,47.40546,111.11],[-122.29828,47.40602,113.54],[-122.29824,47.40665,116.32],[-122.29804,47.40806,121.58],[-122.29803,47.40808,121.64],[-122.29798,47.40813,122.17],[-122.29798,47.40815,122.18],[-122.29797,47.40835,122.27],[-122.29796,47.40836,122.39],[-122.29799,47.40839,122.35],[-122.29799,47.40851,122.64],[-122.29797,47.40876,123.0],[-122.29797,47.40878,122.99],[-122.29793,47.40906,123.07],[-122.29794,47.40908,123.05],[-122.29787,47.40965,122.41],[-122.2978,47.41022,120.42],[-122.29773,47.41074,117.75],[-122.29774,47.41076,117.63],[-122.29773,47.41083,117.34],[-122.29753,47.41237,109.63],[-122.29752,47.41241,109.47],[-122.29749,47.41244,109.29],[-122.29742,47.41248,108.98],[-122.29743,47.41249,108.9],[-122.29742,47.41262,108.4],[-122.2974,47.41263,108.36],[-122.29744,47.41266,108.2],[-122.29745,47.41268,108.06],[-122.2974,47.41303,106.68],[-122.29743,47.41313,106.36],[-122.29719,47.41502,103.08],[-122.29717,47.41503,103.08],[-122.29713,47.4153,102.67],[-122.29715,47.4153,102.67],[-122.29747,47.41532,102.64],[-122.29749,47.41533,102.64],[-122.29749,47.41535,102.63],[-122.29753,47.41539,102.62],[-122.29752,47.4154,102.46],[-122.29751,47.41555,102.36],[-122.29752,47.41556,102.36],[-122.29749,47.41558,102.36],[-122.29745,47.41562,102.24],[-122.29738,47.4162,102.03],[-122.29728,47.41711,100.07],[-122.29702,47.41893,111.41],[-122.29703,47.41893,111.41],[-122.29704,47.41896,111.47],[-122.2971,47.419,111.57],[-122.29711,47.41902,111.41],[-122.29709,47.41908,111.67],[-122.29708,47.41915,112.06],[-122.29709,47.41916,112.06],[-122.29716,47.41914,111.48],[-122.29727,47.41913,110.16],[-122.29732,47.41915,109.7],[-122.29736,47.41919,109.67],[-122.29745,47.4208,119.08],[-122.29749,47.4214,121.92],[-122.2975,47.42215,124.53],[-122.29751,47.42227,124.79],[-122.29753,47.42251,125.89],[-122.29752,47.42252,125.95],[-122.29749,47.42256,126.23],[-122.29744,47.42258,126.39],[-122.29746,47.42261,126.28],[-122.29746,47.42266,126.38],[-122.29747,47.42275,126.52],[-122.29748,47.4228,126.56],[-122.29748,47.42281,126.58]]}
    },
    {
        "type": "Feature",
        "properties": {
            "distance_mi": 0.84,
            "ascent_ft": 47.8,
            "descent_ft": 55.68,
            "start_exchange": 263,
            "end_exchange": 262,
            "notes": "Safe trail segment, separated from road. Watch out for bikes!",
            "start_name": "Redmond Technology",
            "end_name": "Overlake Village",
            "attributes": [],
            "time": "2026-08-08T00:00:00Z",
            "sequence": [
                2
            ],
            "lines": [
                "lrr_2line"
            ],
            "id": 5
        }, "geometry":{"type":"LineString","coordinates":[[-122.13355,47.64569,107.59],[-122.13364,47.64556,104.57],[-122.13363,47.64544,105.11],[-122.13363,47.64544,105.11],[-122.13355,47.64505,105.7],[-122.13345,47.64461,106.23],[-122.13336,47.64416,106.91],[-122.13334,47.64406,107.05],[-122.13334,47.64406,107.05],[-122.13334,47.64406,107.05],[-122.13335,47.64406,107.03],[-122.13341,47.64405,107.06],[-122.13345,47.64405,107.14],[-122.13345,47.64405,107.14],[-122.13348,47.6442,106.91],[-122.13348,47.6442,106.91],[-122.13351,47.6442,107.03],[-122.13351,47.6442,107.03],[-122.1335,47.64417,107.06],[-122.13348,47.64404,107.16],[-122.13352,47.64404,106.98],[-122.13363,47.64403,108.39],[-122.13363,47.64403,108.39],[-122.13363,47.64398,108.61],[-122.1336,47.64384,108.16],[-122.13368,47.64312,108.83],[-122.13368,47.64306,108.78],[-122.13483,47.64387,106.97],[-122.1351,47.64387,112.04],[-122.13516,47.64404,112.39],[-122.13516,47.64404,112.39],[-122.13513,47.64407,112.25],[-122.13506,47.64407,112.17],[-122.13499,47.64408,112.39],[-122.13492,47.64408,112.31],[-122.13492,47.64408,112.31],[-122.13488,47.64392,111.88],[-122.13489,47.64387,111.25],[-122.13483,47.6435,111.3],[-122.13481,47.64326,110.89],[-122.13481,47.64265,110.36],[-122.13486,47.64219,110.61],[-122.13501,47.64157,110.48],[-122.13514,47.64121,110.47],[-122.13529,47.6409,109.7],[-122.13564,47.64027,109.44],[-122.13587,47.63992,105.99],[-122.13619,47.63948,105.75],[-122.13656,47.63903,107.05],[-122.13667,47.6389,107.03],[-122.13681,47.63877,106.77],[-122.13713,47.63852,106.19],[-122.13736,47.63831,105.83],[-122.13761,47.6381,106.06],[-122.13775,47.638,106.14],[-122.13807,47.6378,106.34],[-122.13819,47.63774,106.48],[-122.13838,47.63765,107.19],[-122.13857,47.63756,107.89],[-122.13861,47.63754,107.88],[-122.13859,47.63753,107.93],[-122.13856,47.63751,108.01],[-122.13851,47.63748,105.19]]}
    },
    {
        "type": "Feature",
        "properties": {
            "distance_mi": 1.66,
            "ascent_ft": 31.76,
            "descent_ft": 94.59,
            "start_exchange": 165,
            "end_exchange": 164,
            "notes": "Good sidewalks and relatively few street crossings. Lots of hotels. Two Denny's.",
            "start_name": "Angle Lake",
            "end_name": "SeaTac/Airport",
            "attributes": [],
            "time": "2026-08-09T00:00:00Z",
            "sequence": [
                3
            ],
            "lines": [
                "lrr_1line"
            ],
            "id": 6
        }, "geometry":{"type":"LineString","coordinates":[[-122.29747,47.42281,126.65],[-122.29743,47.4228,126.7],[-122.29739,47.4228,126.69],[-122.29739,47.4228,126.69],[-122.29665,47.4228,127.01],[-122.29661,47.42281,127.07],[-122.29656,47.42284,127.21],[-122.29654,47.42283,127.16],[-122.29611,47.42281,126.91],[-122.29609,47.42282,126.97],[-122.29609,47.42282,126.97],[-122.29609,47.42282,126.97],[-122.29611,47.42284,127.25],[-122.29613,47.42288,127.38],[-122.29613,47.42297,127.42],[-122.2961,47.42321,127.53],[-122.29609,47.42334,127.7],[-122.2961,47.42352,127.86],[-122.29609,47.42359,127.8],[-122.29604,47.42398,128.05],[-122.29596,47.42461,128.28],[-122.29582,47.42573,127.9],[-122.2957,47.42654,126.83],[-122.29569,47.42665,126.76],[-122.29567,47.42686,126.24],[-122.29561,47.42732,125.24],[-122.2956,47.42741,125.02],[-122.29559,47.42756,124.67],[-122.29558,47.42758,124.61],[-122.29552,47.42761,124.4],[-122.2955,47.42762,124.36],[-122.2955,47.42764,124.13],[-122.29548,47.42772,124.07],[-122.29548,47.4278,123.81],[-122.29546,47.4278,123.89],[-122.29547,47.42785,123.87],[-122.29545,47.42825,122.84],[-122.29544,47.42832,122.56],[-122.29536,47.42844,122.12],[-122.29536,47.42846,122.12],[-122.29536,47.42849,121.98],[-122.29543,47.42867,121.34],[-122.29543,47.42871,121.19],[-122.29536,47.42925,118.87],[-122.29531,47.42967,116.93],[-122.2953,47.42976,116.56],[-122.29527,47.42996,115.71],[-122.29523,47.43038,113.99],[-122.29521,47.43048,113.65],[-122.29518,47.43084,111.96],[-122.29517,47.43086,111.84],[-122.29514,47.43088,111.8],[-122.29511,47.4309,111.92],[-122.29508,47.43091,112.06],[-122.29508,47.43092,112.02],[-122.29508,47.43096,112.05],[-122.29507,47.43103,111.54],[-122.29505,47.43104,111.55],[-122.2951,47.43109,110.84],[-122.29512,47.43125,110.16],[-122.29512,47.43132,109.76],[-122.29516,47.43148,108.89],[-122.29517,47.43192,107.13],[-122.29521,47.43251,105.31],[-122.29525,47.4331,104.6],[-122.29528,47.43345,104.77],[-122.29529,47.43369,104.73],[-122.29527,47.43381,104.59],[-122.29526,47.43389,104.68],[-122.29527,47.43408,104.74],[-122.2953,47.43436,104.75],[-122.29527,47.4344,104.86],[-122.29523,47.43443,104.96],[-122.29525,47.43445,104.8],[-122.29525,47.43454,104.86],[-122.29527,47.43467,104.75],[-122.29526,47.43468,104.81],[-122.29528,47.4347,104.73],[-122.29529,47.43475,104.68],[-122.29532,47.43485,104.75],[-122.29535,47.43513,104.73],[-122.29541,47.4353,104.66],[-122.29543,47.43569,104.58],[-122.2955,47.43636,104.87],[-122.29554,47.43686,104.81],[-122.29559,47.43742,105.53],[-122.29558,47.43744,105.59],[-122.29554,47.43747,105.63],[-122.29555,47.43748,105.51],[-122.29552,47.43758,105.58],[-122.2955,47.43767,105.77],[-122.29555,47.43778,106.18],[-122.29562,47.438,106.73],[-122.29563,47.43805,106.89],[-122.2957,47.43915,108.94],[-122.29572,47.43948,109.26],[-122.29572,47.4396,109.36],[-122.2957,47.43983,109.49],[-122.29573,47.44031,109.41],[-122.29569,47.44035,109.27],[-122.2957,47.44036,109.17],[-122.2957,47.44041,109.17],[-122.29572,47.44051,109.25],[-122.29574,47.44056,109.29],[-122.29573,47.44057,109.29],[-122.29575,47.44058,109.27],[-122.29576,47.4406,109.38],[-122.29578,47.44099,109.51],[-122.29578,47.44106,109.51],[-122.29578,47.44108,109.53],[-122.29579,47.4411,109.6],[-122.2958,47.44111,109.64],[-122.29583,47.44206,110.09],[-122.29582,47.4421,110.07],[-122.29583,47.44211,110.01],[-122.29582,47.44221,109.91],[-122.29582,47.44226,109.91],[-122.29581,47.44228,110.03],[-122.29586,47.44232,110.09],[-122.29587,47.44235,110.09],[-122.2959,47.44273,109.91],[-122.29594,47.44285,109.82],[-122.29595,47.44299,109.85],[-122.29593,47.44308,109.71],[-122.29592,47.44331,109.45],[-122.29596,47.44387,108.99],[-122.29596,47.44389,108.91],[-122.29596,47.44394,108.85],[-122.29596,47.44398,108.89],[-122.29596,47.444,108.93],[-122.29599,47.44432,108.51],[-122.29598,47.44439,108.43],[-122.29597,47.44443,108.37],[-122.29602,47.44511,107.86],[-122.29601,47.44514,107.67],[-122.29602,47.44515,107.55],[-122.29603,47.44525,107.48],[-122.29604,47.44535,107.3],[-122.29603,47.44536,107.34],[-122.29605,47.44537,107.44],[-122.29609,47.4454,107.52],[-122.2961,47.44544,107.55],[-122.29611,47.44561,107.5]]}
    },
    {
        "type": "Feature",
        "properties": {
            "distance_mi": 2.18,
            "ascent_ft": 109.61,
            "descent_ft": 266.57,
            "start_exchange": 262,
            "end_exchange": 261,
            "notes": "",
            "start_name": "Overlake Village",
            "end_name": "BelRed",
            "attributes": [],
            "time": "2026-08-08T00:00:00Z",
            "sequence": [
                3
            ],
            "lines": [
                "lrr_2line"
            ],
            "id": 7
        }, "geometry":{"type":"LineString","coordinates":[[-122.13851,47.63747,104.83],[-122.13856,47.63751,108.01],[-122.13859,47.63753,107.93],[-122.13861,47.63754,107.88],[-122.13864,47.63752,107.9],[-122.13887,47.63737,106.81],[-122.13956,47.637,105.76],[-122.13967,47.63694,105.83],[-122.13982,47.6369,105.96],[-122.13993,47.63687,106.13],[-122.1401,47.63685,106.52],[-122.14025,47.63684,107.0],[-122.14075,47.63684,108.96],[-122.14122,47.63687,110.66],[-122.14167,47.63693,111.83],[-122.14181,47.63694,111.95],[-122.14253,47.63693,109.74],[-122.1426,47.63692,109.38],[-122.14269,47.63688,108.76],[-122.14275,47.63685,108.48],[-122.14277,47.63684,108.43],[-122.1428,47.63683,108.4],[-122.14281,47.63681,108.4],[-122.14283,47.63679,108.34],[-122.14284,47.63677,108.33],[-122.14284,47.63668,108.12],[-122.14284,47.63663,107.99],[-122.14284,47.63662,108.03],[-122.14284,47.63655,107.9],[-122.14285,47.63655,107.82],[-122.14287,47.63655,107.78],[-122.14302,47.63653,108.0],[-122.1432,47.63651,107.82],[-122.14321,47.6365,107.84],[-122.14324,47.63649,107.88],[-122.14323,47.63648,107.86],[-122.14321,47.63642,107.74],[-122.14321,47.63618,107.02],[-122.14327,47.63587,106.3],[-122.14327,47.6353,105.51],[-122.14329,47.63526,105.37],[-122.14332,47.63523,105.21],[-122.14335,47.6352,105.08],[-122.14449,47.63429,96.3],[-122.14492,47.63396,93.02],[-122.14522,47.63372,91.44],[-122.1462,47.63305,88.75],[-122.1482,47.63183,83.16],[-122.14922,47.63125,79.07],[-122.14977,47.63097,78.07],[-122.15018,47.6308,76.54],[-122.15105,47.63047,73.79],[-122.15172,47.63026,71.77],[-122.15228,47.63011,70.25],[-122.15296,47.62996,68.69],[-122.15334,47.62989,68.16],[-122.15413,47.62978,65.88],[-122.15473,47.62971,66.19],[-122.15531,47.62967,65.93],[-122.15615,47.62965,65.99],[-122.15659,47.62965,66.14],[-122.15701,47.62967,66.47],[-122.15804,47.62975,68.03],[-122.15952,47.6299,71.64],[-122.16317,47.63027,83.45],[-122.16364,47.63031,84.81],[-122.16414,47.63033,86.08],[-122.16479,47.63033,87.09],[-122.16526,47.6303,87.59],[-122.16694,47.63018,88.92],[-122.16775,47.63012,88.16],[-122.16861,47.63005,87.44],[-122.16891,47.63005,87.26],[-122.16891,47.6301,87.18],[-122.16887,47.63013,87.2],[-122.16764,47.63023,83.2],[-122.16761,47.63025,83.06],[-122.16755,47.63019,82.73],[-122.16755,47.63019,82.73],[-122.16703,47.62968,78.84],[-122.16697,47.62959,78.18],[-122.16692,47.62948,77.66],[-122.16688,47.62933,76.88],[-122.16688,47.62916,76.12],[-122.167,47.62872,73.76],[-122.16709,47.62856,72.39],[-122.16718,47.62823,70.02],[-122.16721,47.62819,69.73],[-122.16726,47.62817,69.71],[-122.16728,47.62817,69.63],[-122.16728,47.62815,69.59],[-122.16728,47.62797,69.59],[-122.16731,47.62796,69.69],[-122.16726,47.62793,69.61],[-122.16725,47.62792,69.59],[-122.16725,47.62739,67.85],[-122.16721,47.62739,67.77],[-122.16721,47.62733,67.62],[-122.16721,47.62733,67.62],[-122.16719,47.62721,67.33],[-122.16719,47.62713,67.09],[-122.16723,47.62713,67.25],[-122.16722,47.62631,64.1],[-122.16724,47.62524,59.81],[-122.16727,47.62514,59.45],[-122.16728,47.62465,57.78],[-122.16728,47.62438,57.62],[-122.16725,47.62426,56.87],[-122.16725,47.62426,56.99]]}
    },
    {
        "type": "Feature",
        "properties": {
            "distance_mi": 0.96,
            "ascent_ft": 61.71,
            "descent_ft": 70.31,
            "start_exchange": 261,
            "end_exchange": 260,
            "notes": "",
            "start_name": "BelRed",
            "end_name": "Spring District",
            "attributes": [],
            "time": "2026-08-08T00:00:00Z",
            "sequence": [
                4
            ],
            "lines": [
                "lrr_2line"
            ],
            "id": 8
        }, "geometry":{"type":"LineString","coordinates":[[-122.16725,47.62426,56.87],[-122.16724,47.62377,55.1],[-122.16722,47.6236,54.6],[-122.16719,47.62343,54.02],[-122.16718,47.62289,51.07],[-122.16718,47.62289,51.07],[-122.16718,47.62167,44.66],[-122.16718,47.62164,44.5],[-122.16724,47.62161,44.18],[-122.16821,47.6214,41.5],[-122.16993,47.62104,40.47],[-122.17454,47.62008,55.84],[-122.17469,47.62006,56.37],[-122.17475,47.62006,56.59],[-122.17475,47.62006,56.59],[-122.17475,47.62006,56.59],[-122.17478,47.62007,56.67],[-122.17481,47.62008,56.81],[-122.17485,47.62012,56.88],[-122.17487,47.62018,56.95],[-122.17487,47.62112,56.16],[-122.17487,47.62122,56.01],[-122.17487,47.62126,55.96],[-122.17487,47.62132,56.21],[-122.17487,47.62141,56.19],[-122.17489,47.62308,54.15],[-122.17488,47.62313,54.02],[-122.17486,47.62315,54.0],[-122.17484,47.62318,54.02],[-122.17483,47.62322,53.81],[-122.17483,47.62333,53.55],[-122.17483,47.62341,53.32],[-122.17483,47.62345,53.42],[-122.17486,47.62347,53.48],[-122.17489,47.62349,53.36],[-122.17489,47.62349,53.36],[-122.1749,47.6235,53.38],[-122.17492,47.6235,53.26],[-122.17505,47.6235,53.49],[-122.17517,47.6235,53.53],[-122.17527,47.62349,53.81],[-122.17606,47.62348,54.45],[-122.17609,47.62348,54.65],[-122.17611,47.62348,54.64],[-122.17617,47.62348,55.08],[-122.17621,47.62348,55.05],[-122.17626,47.62348,54.63],[-122.17633,47.62348,54.67],[-122.17638,47.62348,54.65],[-122.17638,47.62348,54.65],[-122.17754,47.62347,54.66],[-122.17852,47.62346,54.25],[-122.17852,47.62346,54.25]]}
    },
    {
        "type": "Feature",
        "properties": {
            "distance_mi": 1.44,
            "ascent_ft": 72.05,
            "descent_ft": 92.75,
            "start_exchange": 164,
            "end_exchange": 163,
            "notes": "Along Highway 99. Sidewalks are good, though narrow when passing over Highway 518. More hotels.",
            "start_name": "SeaTac/Airport",
            "end_name": "Tukwila International Blvd",
            "attributes": [],
            "time": "2024-09-18T00:00:00Z",
            "sequence": [
                4
            ],
            "lines": [
                "lrr_1line"
            ],
            "id": 9
        }, "geometry":{"type":"LineString","coordinates":[[-122.29611,47.44561,107.5],[-122.29612,47.44572,107.39],[-122.29612,47.44582,107.28],[-122.29612,47.44587,107.25],[-122.29618,47.44606,107.11],[-122.29621,47.44638,106.78],[-122.29621,47.44651,106.74],[-122.29623,47.44678,106.85],[-122.29624,47.44682,106.87],[-122.29624,47.44686,106.9],[-122.29627,47.44729,107.39],[-122.29628,47.44752,107.99],[-122.29629,47.44767,108.41],[-122.29629,47.44774,108.62],[-122.29628,47.44836,110.95],[-122.29626,47.44858,111.69],[-122.29624,47.44888,112.91],[-122.29621,47.44906,113.64],[-122.29618,47.44922,114.4],[-122.29616,47.44925,114.64],[-122.29614,47.44935,114.99],[-122.29613,47.44942,115.14],[-122.29615,47.4495,115.37],[-122.29614,47.44954,115.55],[-122.29604,47.45006,117.69],[-122.29598,47.4503,118.66],[-122.29592,47.45054,119.51],[-122.2959,47.45057,119.63],[-122.29587,47.45058,119.87],[-122.29587,47.4506,119.78],[-122.29585,47.45067,120.02],[-122.29582,47.45079,120.29],[-122.2958,47.45079,120.43],[-122.29581,47.45083,120.41],[-122.29579,47.45092,120.47],[-122.29572,47.45114,121.05],[-122.29567,47.45137,121.71],[-122.29554,47.45173,122.38],[-122.29527,47.45236,122.69],[-122.29518,47.45256,122.79],[-122.295,47.45291,122.92],[-122.29489,47.45309,123.17],[-122.29481,47.45318,123.23],[-122.29476,47.45323,123.36],[-122.29475,47.45325,123.32],[-122.29476,47.45328,123.26],[-122.29473,47.4534,123.2],[-122.29463,47.45367,123.08],[-122.29453,47.45385,123.11],[-122.29435,47.45421,123.19],[-122.29428,47.45435,123.17],[-122.29403,47.45482,122.92],[-122.29385,47.45508,122.49],[-122.29375,47.4553,122.09],[-122.29346,47.45585,120.39],[-122.29338,47.45601,119.81],[-122.2933,47.45617,119.17],[-122.29314,47.45649,118.0],[-122.29296,47.45682,116.71],[-122.29272,47.45731,114.72],[-122.29253,47.45768,113.3],[-122.29192,47.45886,108.82],[-122.29171,47.45913,108.06],[-122.29155,47.45945,107.55],[-122.29157,47.45951,107.6],[-122.29156,47.45954,107.6],[-122.29154,47.45956,107.54],[-122.2915,47.45957,107.48],[-122.29144,47.45958,107.28],[-122.29144,47.45959,107.22],[-122.2914,47.45967,107.21],[-122.29135,47.45976,106.97],[-122.29135,47.45977,107.05],[-122.29138,47.45979,107.22],[-122.2914,47.45984,107.65],[-122.2914,47.4599,107.81],[-122.29127,47.46006,108.02],[-122.29118,47.46028,108.51],[-122.29117,47.46038,108.75],[-122.29109,47.46053,109.21],[-122.29094,47.46086,109.92],[-122.29081,47.46111,110.34],[-122.29041,47.46192,111.17],[-122.29008,47.46259,111.35],[-122.29004,47.46265,111.35],[-122.28999,47.4627,111.33],[-122.28993,47.46274,111.19],[-122.28989,47.46276,111.09],[-122.2899,47.46277,110.99],[-122.28991,47.46279,110.97],[-122.28991,47.46283,111.05],[-122.28991,47.46285,111.15],[-122.2899,47.46287,111.17],[-122.28988,47.46291,111.11],[-122.28986,47.46295,111.12],[-122.28992,47.46297,111.42],[-122.28993,47.463,110.86],[-122.2895,47.46384,110.95],[-122.28948,47.46387,111.04],[-122.28935,47.46407,110.51],[-122.28922,47.46424,110.02],[-122.28908,47.46452,109.02],[-122.28903,47.4645,108.62],[-122.28901,47.46452,108.04],[-122.28881,47.46445,102.09],[-122.28873,47.46442,101.96],[-122.28827,47.46426,101.83],[-122.28801,47.46417,101.24],[-122.28791,47.46418,101.19]]}
    },
    {
        "type": "Feature",
        "properties": {
            "distance_mi": 5.05,
            "ascent_ft": 217.52,
            "descent_ft": 487.14,
            "start_exchange": 163,
            "end_exchange": 161,
            "notes": "Charming Tukwila suburbs and glimpses of the Duwamish. Boeing Access Road section mile 3.25 to mile 3.80) has worst pedestrian conditions of the entire route. Section west of I5 requires crossing the on/off ramps to Airport Way S. Use the signalled crossing to switch from south to north side of Boeing Access Road. The portion directly over I5 is in a shoulder lane. Use extreme caution.",
            "start_name": "Tukwila International Blvd",
            "end_name": "Rainier Beach",
            "attributes": [],
            "time": "2025-08-31T00:00:00Z",
            "sequence": [
                5
            ],
            "lines": [
                "lrr_1line"
            ],
            "id": 10
        }, "geometry":{"type":"LineString","coordinates":[[-122.28792,47.46418,101.19],[-122.28791,47.46418,101.19],[-122.28791,47.46459,100.54],[-122.28791,47.46462,100.56],[-122.28791,47.46466,100.55],[-122.28791,47.46467,100.53],[-122.28791,47.46498,101.12],[-122.28791,47.46499,101.14],[-122.28791,47.46502,102.3],[-122.28791,47.46504,102.32],[-122.28794,47.46504,102.46],[-122.28875,47.46504,106.27],[-122.28875,47.46506,106.07],[-122.2887,47.46516,105.95],[-122.28862,47.4653,105.34],[-122.28861,47.46531,105.46],[-122.28866,47.46534,105.34],[-122.28866,47.46538,105.23],[-122.28861,47.46551,104.69],[-122.28842,47.46587,103.02],[-122.28839,47.46592,102.89],[-122.28831,47.46607,102.23],[-122.28829,47.46612,101.93],[-122.28826,47.46617,101.88],[-122.28826,47.46618,101.86],[-122.28809,47.4665,101.16],[-122.28807,47.46654,101.04],[-122.28804,47.46659,101.04],[-122.28799,47.46669,101.04],[-122.28791,47.46686,100.85],[-122.28789,47.46689,101.02],[-122.28786,47.4669,101.02],[-122.28785,47.46691,101.02],[-122.28782,47.46697,100.97],[-122.28778,47.46704,101.1],[-122.28777,47.46705,101.22],[-122.28782,47.46709,101.23],[-122.28776,47.46718,101.27],[-122.28772,47.46721,101.29],[-122.28762,47.46741,101.51],[-122.2875,47.46764,102.01],[-122.28743,47.46777,102.54],[-122.28737,47.46789,102.74],[-122.28717,47.46828,103.59],[-122.28706,47.46851,103.86],[-122.28696,47.46871,104.17],[-122.28694,47.46872,104.21],[-122.2869,47.46874,104.19],[-122.28691,47.46875,104.12],[-122.28689,47.46879,104.14],[-122.28686,47.46884,104.17],[-122.28685,47.46885,104.27],[-122.28687,47.46887,104.31],[-122.28687,47.46888,104.31],[-122.28627,47.47006,102.76],[-122.28615,47.47029,102.09],[-122.28608,47.47042,101.76],[-122.28604,47.4705,101.7],[-122.28602,47.47054,101.54],[-122.28599,47.47055,101.34],[-122.28595,47.47056,101.0],[-122.28595,47.47057,100.9],[-122.28593,47.4706,100.55],[-122.2859,47.47066,100.31],[-122.28589,47.47066,100.25],[-122.28592,47.4707,100.84],[-122.28592,47.47073,101.04],[-122.28584,47.4708,100.78],[-122.28566,47.47116,99.52],[-122.28565,47.47126,99.43],[-122.28553,47.47151,98.72],[-122.28543,47.47172,98.21],[-122.28527,47.47204,97.38],[-122.28514,47.47232,96.76],[-122.28513,47.47234,96.71],[-122.2851,47.47236,96.49],[-122.28512,47.47237,96.37],[-122.28508,47.47243,96.2],[-122.28504,47.47249,96.01],[-122.28502,47.4725,96.09],[-122.28503,47.47254,96.19],[-122.28496,47.47268,95.73],[-122.28454,47.4735,93.49],[-122.28444,47.47369,93.24],[-122.28434,47.47381,92.92],[-122.2842,47.47409,92.23],[-122.28418,47.47412,92.04],[-122.28414,47.47414,91.74],[-122.28415,47.47416,91.6],[-122.28411,47.47423,91.47],[-122.28408,47.4743,91.3],[-122.28404,47.47434,91.48],[-122.28405,47.47435,91.59],[-122.28405,47.47438,91.65],[-122.28379,47.4749,90.61],[-122.28377,47.47494,90.55],[-122.28376,47.47497,90.49],[-122.28369,47.47511,90.17],[-122.28364,47.4751,90.26],[-122.28347,47.47561,89.43],[-122.28354,47.47568,89.19],[-122.28353,47.47572,89.0],[-122.28352,47.47577,88.84],[-122.28351,47.4758,88.82],[-122.28347,47.47598,88.54],[-122.28343,47.47629,87.82],[-122.28343,47.47636,87.74],[-122.28343,47.47659,87.04],[-122.28343,47.47666,87.0],[-122.28344,47.47676,86.64],[-122.28344,47.47683,86.65],[-122.28344,47.47685,86.57],[-122.28342,47.47689,86.27],[-122.28343,47.47689,86.27],[-122.28343,47.47695,86.12],[-122.28343,47.47699,86.0],[-122.28342,47.477,86.04],[-122.28345,47.47702,86.22],[-122.28346,47.47704,86.2],[-122.28352,47.47742,85.29],[-122.2835,47.47745,85.27],[-122.28357,47.47773,84.47],[-122.28364,47.4778,84.13],[-122.28364,47.47781,84.09],[-122.28362,47.47786,83.93],[-122.28364,47.47787,83.83],[-122.28367,47.47794,83.49],[-122.2837,47.47801,83.31],[-122.28369,47.47803,83.45],[-122.28373,47.47806,83.26],[-122.28383,47.47833,82.14],[-122.284,47.47872,80.83],[-122.284,47.47874,80.77],[-122.28399,47.47877,80.59],[-122.284,47.47878,80.53],[-122.28403,47.47885,80.16],[-122.28405,47.4789,79.98],[-122.28405,47.47891,80.0],[-122.28409,47.47893,80.04],[-122.28424,47.47929,78.7],[-122.28454,47.48003,76.31],[-122.28549,47.48233,68.49],[-122.28556,47.48252,67.84],[-122.28587,47.48326,65.75],[-122.28591,47.48347,65.07],[-122.28601,47.48368,61.41],[-122.28613,47.48384,63.63],[-122.28628,47.48412,62.99],[-122.28659,47.48462,60.89],[-122.28676,47.48485,60.45],[-122.28715,47.48533,58.2],[-122.28744,47.48563,57.57],[-122.28757,47.48577,57.16],[-122.28784,47.48602,56.12],[-122.28821,47.48633,54.73],[-122.28829,47.4864,54.13],[-122.28827,47.48642,53.91],[-122.28828,47.48645,53.59],[-122.28828,47.48648,52.95],[-122.28839,47.48666,49.74],[-122.28843,47.48675,48.35],[-122.28843,47.48709,44.57],[-122.28845,47.48879,24.84],[-122.28845,47.48884,24.86],[-122.28844,47.49001,20.8],[-122.28843,47.49001,20.8],[-122.28678,47.49,13.55],[-122.28638,47.49001,12.9],[-122.28562,47.49002,10.87],[-122.2846,47.49003,12.38],[-122.28462,47.49005,12.28],[-122.28463,47.49007,12.3],[-122.28492,47.49059,11.38],[-122.28505,47.49084,10.55],[-122.28519,47.49117,9.7],[-122.28527,47.49135,9.33],[-122.2855,47.492,8.4],[-122.28553,47.49206,8.31],[-122.28563,47.49215,8.49],[-122.28567,47.49227,7.9],[-122.28568,47.49228,7.92],[-122.2857,47.49231,7.78],[-122.28575,47.49232,7.64],[-122.28573,47.49233,7.54],[-122.28575,47.49241,7.53],[-122.28576,47.49248,7.43],[-122.28573,47.49249,7.51],[-122.2857,47.49253,7.75],[-122.28569,47.49257,7.79],[-122.28572,47.49267,7.56],[-122.28583,47.493,7.18],[-122.28586,47.49312,7.19],[-122.28597,47.49344,6.79],[-122.28621,47.49419,5.98],[-122.28637,47.49467,5.74],[-122.28639,47.49473,5.76],[-122.28668,47.49558,6.18],[-122.28669,47.49559,6.16],[-122.28668,47.49559,6.12],[-122.28658,47.49561,6.31],[-122.28645,47.49563,6.09],[-122.28643,47.49563,6.11],[-122.28641,47.49568,6.24],[-122.28642,47.49569,6.16],[-122.28646,47.49579,6.31],[-122.28648,47.49585,6.4],[-122.28647,47.49586,6.42],[-122.28651,47.49588,6.5],[-122.28657,47.49598,6.9],[-122.28664,47.49621,7.79],[-122.28665,47.49622,7.76],[-122.28668,47.49629,8.12],[-122.28669,47.49635,8.59],[-122.28671,47.49636,8.69],[-122.28674,47.49639,8.77],[-122.2868,47.49661,9.65],[-122.28693,47.49697,10.99],[-122.287,47.49712,10.75],[-122.2871,47.49747,4.41],[-122.28722,47.49781,11.54],[-122.28725,47.49794,11.21],[-122.28726,47.49802,10.85],[-122.28724,47.49808,10.66],[-122.28719,47.49812,10.11],[-122.28713,47.49814,9.74],[-122.28709,47.49814,9.52],[-122.28709,47.49816,9.4],[-122.28708,47.4982,9.54],[-122.28708,47.49824,9.58],[-122.28707,47.49826,9.7],[-122.28706,47.49827,9.58],[-122.287,47.4983,9.27],[-122.28704,47.49833,9.31],[-122.28715,47.49843,9.35],[-122.28725,47.49853,9.32],[-122.28734,47.49863,9.23],[-122.28743,47.49873,9.07],[-122.28758,47.49894,8.57],[-122.28753,47.49909,8.14],[-122.28759,47.4992,8.05],[-122.28759,47.49924,7.97],[-122.28757,47.49927,7.93],[-122.28762,47.49935,7.95],[-122.28764,47.49941,8.07],[-122.28771,47.49943,8.15],[-122.28775,47.49947,8.33],[-122.28777,47.49952,8.36],[-122.28791,47.49982,8.56],[-122.28801,47.50012,8.78],[-122.28803,47.50019,8.79],[-122.28821,47.50096,4.99],[-122.2882,47.50099,6.81],[-122.28818,47.50101,8.29],[-122.28822,47.50111,8.27],[-122.28824,47.50118,8.13],[-122.28827,47.50121,8.19],[-122.2884,47.50161,7.28],[-122.28844,47.50173,7.14],[-122.28854,47.50196,6.59],[-122.28874,47.50238,6.01],[-122.28895,47.50281,5.98],[-122.28915,47.50324,5.88],[-122.28932,47.5036,5.99],[-122.28952,47.50403,5.91],[-122.28961,47.50422,5.93],[-122.2898,47.50465,6.12],[-122.28999,47.50508,6.04],[-122.29018,47.50551,6.04],[-122.29026,47.50569,6.13],[-122.29043,47.50613,6.21],[-122.29061,47.50656,6.07],[-122.29064,47.50664,6.22],[-122.29068,47.50673,6.11],[-122.29072,47.50683,6.22],[-122.29073,47.50688,6.13],[-122.29073,47.50694,5.96],[-122.29071,47.50695,5.98],[-122.29072,47.50698,5.92],[-122.29071,47.507,5.84],[-122.29068,47.50704,5.86],[-122.29065,47.50706,5.86],[-122.28999,47.50713,5.67],[-122.28933,47.5072,5.79],[-122.28868,47.50727,7.51],[-122.28811,47.50733,9.13],[-122.28811,47.50732,9.07],[-122.28796,47.50731,9.44],[-122.2875,47.50735,10.96],[-122.2872,47.50737,11.22],[-122.28673,47.5074,7.13],[-122.28647,47.50742,14.06],[-122.28613,47.50742,14.76],[-122.2859,47.50744,15.32],[-122.28484,47.50751,15.09],[-122.28348,47.5076,16.54],[-122.28323,47.50761,16.52],[-122.28272,47.50764,16.22],[-122.28273,47.50769,16.17],[-122.28274,47.50779,16.11],[-122.28262,47.5078,15.96],[-122.28232,47.50781,15.6],[-122.28217,47.50782,12.53],[-122.28088,47.50789,11.54],[-122.28063,47.50791,10.98],[-122.27891,47.50802,7.5],[-122.27872,47.50814,7.13],[-122.27864,47.50811,7.29],[-122.27853,47.50813,7.16],[-122.27845,47.50813,7.03],[-122.27826,47.50814,6.94],[-122.2782,47.50814,6.86],[-122.27818,47.50815,6.88],[-122.2782,47.50825,6.66],[-122.27818,47.50835,6.47],[-122.27819,47.50884,5.92],[-122.27818,47.50903,5.83],[-122.2782,47.50968,5.36],[-122.27822,47.51008,5.74],[-122.27826,47.51049,5.93],[-122.27837,47.51143,6.38],[-122.2784,47.51168,6.76],[-122.27845,47.51219,7.11],[-122.27847,47.51244,7.44],[-122.27853,47.51264,7.44],[-122.27859,47.51329,8.47],[-122.27863,47.51359,8.69],[-122.27864,47.51373,8.81],[-122.27872,47.51442,9.45],[-122.27879,47.51491,9.88],[-122.27884,47.51547,10.51],[-122.27891,47.5159,10.88],[-122.27899,47.51649,11.9],[-122.27905,47.51671,12.26],[-122.2791,47.51703,13.24],[-122.27912,47.51708,13.36],[-122.27914,47.51718,13.58],[-122.27915,47.51719,13.6],[-122.27914,47.51722,13.73],[-122.27918,47.51737,14.06],[-122.27922,47.51752,14.22],[-122.27931,47.51788,14.96],[-122.27947,47.51848,16.24],[-122.27968,47.51947,18.69],[-122.27971,47.51978,19.73],[-122.27972,47.52005,20.61],[-122.27971,47.52025,21.18],[-122.27967,47.5206,21.71],[-122.27964,47.52073,21.77],[-122.27941,47.52159,20.96],[-122.27933,47.52187,20.72],[-122.27931,47.52188,20.62],[-122.27929,47.52189,20.54],[-122.2793,47.52191,20.4],[-122.27929,47.52196,20.32],[-122.27928,47.52203,20.31],[-122.27927,47.52204,20.38],[-122.27928,47.52207,20.48],[-122.27922,47.52225,20.28],[-122.27906,47.52277,19.64],[-122.27902,47.52294,19.47],[-122.27899,47.52305,19.48],[-122.27896,47.52311,19.42],[-122.27894,47.52314,19.37],[-122.2789,47.52316,19.33],[-122.27892,47.52318,19.13],[-122.2789,47.52327,19.14],[-122.27888,47.52334,19.07],[-122.27888,47.52337,19.17],[-122.27884,47.52338,19.05],[-122.27882,47.52339,18.91],[-122.27879,47.52341,18.79],[-122.27876,47.52344,18.75],[-122.27873,47.52346,18.87],[-122.27878,47.52349,19.03],[-122.27881,47.52353,19.09],[-122.27882,47.52357,19.1],[-122.27882,47.52362,19.03],[-122.27881,47.52364,19.01]]}
    },
    {
        "type": "Feature",
        "properties": {
            "lat": 47.49835,
            "lon": -122.287,
            "elevation": 9.02,
            "name": "Unprotected Bike Lane",
            "comment": "There is no sidewalk for 80m. Use bike lane. Traffic usually low on weekends.",
            "description": "There is no sidewalk for 80m. Use bike lane. Traffic usually low on weekends.",
            "symbol": "Alert",
            "leg_start_exchange": 163,
            "leg_end_exchange": 161,
            "leg_sequence": [
                5
            ],
            "feature_type": "poi",
            "time": "2025-08-31T00:00:00Z",
            "lines": [
                "lrr_1line"
            ],
            "id": 11
        }, "geometry":{"type":"Point","coordinates":[-122.287,47.49835]}
    },
    {
        "type": "Feature",
        "properties": {
            "lat": 47.50708,
            "lon": -122.28987,
            "elevation": 5.53,
            "name": "Dangerous Crossings",
            "comment": "On shoulder of Boeing Access Rd until bridge. Access ramp crossings are unmarked and dangerous. Follow route and crossings carefully. ",
            "description": "On shoulder of Boeing Access Rd until bridge. Access ramp crossings are unmarked and dangerous. Follow route and crossings carefully.",
            "symbol": "Alert",
            "leg_start_exchange": 163,
            "leg_end_exchange": 161,
            "leg_sequence": [
                5
            ],
            "feature_type": "poi",
            "time": "2025-08-31T00:00:00Z",
            "lines": [
                "lrr_1line"
            ],
            "id": 12
        }, "geometry":{"type":"Point","coordinates":[-122.28987,47.50708]}
    },
    {
        "type": "Feature",
        "properties": {
            "lat": 47.50785,
            "lon": -122.28241,
            "elevation": 15.58,
            "name": "Unprotected Shoulder",
            "comment": "Unprotected shoulder running. Use caution.",
            "description": "Unprotected shoulder running. Use caution.",
            "symbol": "Alert",
            "leg_start_exchange": 163,
            "leg_end_exchange": 161,
            "leg_sequence": [
                5
            ],
            "feature_type": "poi",
            "time": "2025-08-31T00:00:00Z",
            "lines": [
                "lrr_1line"
            ],
            "id": 13
        }, "geometry":{"type":"Point","coordinates":[-122.28241,47.50785]}
    },
    {
        "type": "Feature",
        "properties": {
            "distance_mi": 0.64,
            "ascent_ft": 31.36,
            "descent_ft": 62.14,
            "start_exchange": 260,
            "end_exchange": 259,
            "notes": "",
            "start_name": "Spring District",
            "end_name": "Wilburton",
            "attributes": [],
            "time": "2025-08-31T00:00:00Z",
            "sequence": [
                5
            ],
            "lines": [
                "lrr_2line"
            ],
            "id": 14
        }, "geometry":{"type":"LineString","coordinates":[[-122.17852,47.62346,53.86],[-122.1786,47.62346,53.86],[-122.1786,47.62343,54.15],[-122.1786,47.62338,53.86],[-122.1786,47.62336,53.86],[-122.17859,47.62324,54.18],[-122.17859,47.62321,54.18],[-122.17859,47.62319,54.01],[-122.17859,47.62317,54.01],[-122.17859,47.62261,54.46],[-122.17858,47.62219,53.9],[-122.17858,47.62216,54.18],[-122.17857,47.62211,54.18],[-122.17857,47.62206,54.18],[-122.17857,47.62203,54.18],[-122.17856,47.62133,54.83],[-122.17856,47.62132,54.97],[-122.1786,47.62129,54.97],[-122.17864,47.62127,54.83],[-122.17866,47.62124,54.83],[-122.17868,47.62122,55.02],[-122.17868,47.62116,55.04],[-122.17867,47.62088,55.02],[-122.17876,47.62088,55.02],[-122.17891,47.62088,52.7],[-122.17896,47.62087,53.07],[-122.179,47.62086,50.66],[-122.17905,47.62084,50.66],[-122.17911,47.62082,48.91],[-122.17923,47.62078,48.16],[-122.17927,47.62077,47.65],[-122.17936,47.62074,47.39],[-122.1794,47.62072,47.39],[-122.17954,47.62078,46.28],[-122.17969,47.62085,45.72],[-122.17972,47.62085,46.08],[-122.17973,47.62083,46.11],[-122.17973,47.62074,46.28],[-122.17973,47.62062,46.28],[-122.17975,47.6206,46.04],[-122.17969,47.62056,46.66],[-122.17968,47.62053,46.74],[-122.17968,47.62048,46.7],[-122.17957,47.61964,45.7],[-122.17956,47.61963,46.04],[-122.17956,47.61959,46.04],[-122.17955,47.61953,46.04],[-122.17955,47.61952,46.08],[-122.1795,47.61915,46.31],[-122.17948,47.61896,46.0],[-122.1795,47.61894,45.38],[-122.17954,47.61891,45.38],[-122.17953,47.61889,46.7],[-122.17952,47.61882,46.46],[-122.17952,47.61877,46.46],[-122.17955,47.61872,47.27],[-122.17959,47.61868,47.34],[-122.17965,47.61841,47.22],[-122.17974,47.61828,45.72],[-122.17988,47.61819,45.14],[-122.18011,47.61796,45.52],[-122.18014,47.61793,45.97],[-122.18017,47.6179,45.52],[-122.18021,47.61786,45.82],[-122.18022,47.61785,45.68],[-122.18032,47.61773,45.48],[-122.1804,47.61762,45.63],[-122.18048,47.61747,45.62],[-122.18052,47.61745,45.62],[-122.18058,47.61743,45.49],[-122.18066,47.61743,45.56],[-122.18085,47.61746,45.24],[-122.18126,47.61745,45.07],[-122.18129,47.61745,45.08],[-122.18135,47.61744,44.94],[-122.18141,47.61744,44.9],[-122.18144,47.61744,45.04],[-122.18147,47.61744,44.99],[-122.18155,47.61745,44.96],[-122.18182,47.61745,44.72],[-122.18184,47.61745,44.72],[-122.1819,47.61745,44.88],[-122.18196,47.61745,44.78],[-122.18198,47.61745,44.69],[-122.18211,47.61745,44.73],[-122.18243,47.61744,44.54],[-122.18246,47.61744,44.74],[-122.18253,47.61744,44.37],[-122.18259,47.61744,44.55],[-122.18261,47.61744,44.5],[-122.18292,47.61744,44.43],[-122.18299,47.61742,44.33],[-122.18302,47.61742,44.28],[-122.18311,47.61742,44.19],[-122.18315,47.61742,44.21],[-122.1832,47.61742,44.35],[-122.18324,47.61742,44.18],[-122.18326,47.61743,44.12],[-122.18328,47.61743,44.3],[-122.18334,47.61743,44.12],[-122.18342,47.61743,44.2],[-122.18343,47.61744,44.24],[-122.18345,47.61743,44.34],[-122.18349,47.61742,44.34],[-122.18371,47.61742,44.48]]}
    },
    {
        "type": "Feature",
        "properties": {
            "distance_mi": 0.74,
            "ascent_ft": 58.23,
            "descent_ft": 86.22,
            "start_exchange": 259,
            "end_exchange": 258,
            "notes": "",
            "start_name": "Wilburton",
            "end_name": "Bellevue Downtown",
            "attributes": [],
            "time": "2026-08-09T00:00:00Z",
            "sequence": [
                6
            ],
            "lines": [
                "lrr_2line"
            ],
            "id": 15
        }, "geometry":{"type":"LineString","coordinates":[[-122.18371,47.61743,44.39],[-122.18371,47.61743,44.39],[-122.18371,47.61776,44.64],[-122.18368,47.61818,45.09],[-122.1837,47.61854,45.05],[-122.18369,47.61867,45.45],[-122.18384,47.61873,45.88],[-122.1839,47.61878,45.98],[-122.18394,47.61883,46.05],[-122.18436,47.61885,45.77],[-122.18444,47.61885,45.87],[-122.18457,47.61884,46.15],[-122.18552,47.61884,43.4],[-122.18552,47.61909,44.82],[-122.18556,47.61909,44.62],[-122.18585,47.61908,44.85],[-122.18588,47.61907,44.98],[-122.18592,47.6191,45.32],[-122.18597,47.61911,45.65],[-122.18626,47.61911,46.78],[-122.18636,47.61911,47.26],[-122.18637,47.61912,47.12],[-122.18652,47.61912,47.6],[-122.18666,47.61912,48.05],[-122.18668,47.61912,48.09],[-122.1867,47.61913,48.51],[-122.18675,47.61914,48.09],[-122.18755,47.61915,43.01],[-122.18794,47.61913,42.93],[-122.18844,47.61912,42.76],[-122.18876,47.61913,43.14],[-122.18944,47.61916,46.63],[-122.19,47.6192,51.64],[-122.19043,47.61924,50.71],[-122.19069,47.61925,50.37],[-122.19069,47.61925,50.37],[-122.19074,47.61924,50.25],[-122.19078,47.61922,50.18],[-122.1908,47.61919,50.16],[-122.1908,47.61915,50.08],[-122.1908,47.61885,48.97],[-122.19075,47.6182,46.82],[-122.19082,47.61787,45.76],[-122.19082,47.61765,44.87],[-122.19081,47.61763,44.69],[-122.19083,47.61762,44.59],[-122.19113,47.61751,45.11],[-122.19116,47.61752,45.33],[-122.19121,47.61749,45.45],[-122.19119,47.61747,45.23],[-122.1912,47.61721,45.14],[-122.19122,47.61719,45.26],[-122.19115,47.61715,44.86],[-122.19115,47.61715,44.86],[-122.19115,47.61715,44.86],[-122.19114,47.61674,43.2],[-122.19112,47.61645,41.65],[-122.1911,47.61574,37.33],[-122.19112,47.61562,36.63],[-122.19117,47.61559,36.48],[-122.19115,47.61557,36.2],[-122.19116,47.61538,36.02],[-122.19118,47.61537,36.12],[-122.19111,47.61531,35.81],[-122.19111,47.61523,35.6],[-122.19122,47.61524,35.86]]}
    },
    {
        "type": "Feature",
        "properties": {
            "distance_mi": 1.11,
            "ascent_ft": 77.36,
            "descent_ft": 15.88,
            "start_exchange": 161,
            "end_exchange": 160,
            "notes": "Good, wide sidewalk.",
            "start_name": "Rainier Beach",
            "end_name": "Othello",
            "attributes": [],
            "time": "2025-09-14T00:00:00Z",
            "sequence": [
                6
            ],
            "lines": [
                "lrr_1line"
            ],
            "id": 16
        }, "geometry":{"type":"LineString","coordinates":[[-122.27881,47.52364,19.01],[-122.27869,47.52416,18.31],[-122.27868,47.52417,18.25],[-122.27867,47.52427,18.0],[-122.27866,47.52435,18.18],[-122.27867,47.52436,18.22],[-122.27864,47.52466,18.01],[-122.27863,47.52495,17.84],[-122.27866,47.52522,17.61],[-122.27867,47.52536,17.58],[-122.27876,47.52571,17.47],[-122.27889,47.52594,17.63],[-122.27889,47.52597,17.69],[-122.27888,47.52599,17.71],[-122.27887,47.526,17.74],[-122.27892,47.52612,17.63],[-122.27895,47.5262,17.82],[-122.27903,47.52624,18.04],[-122.27919,47.52654,18.59],[-122.27943,47.52696,20.11],[-122.27985,47.52778,23.38],[-122.27984,47.5278,23.51],[-122.27989,47.52788,23.56],[-122.27992,47.52795,23.95],[-122.27995,47.52797,24.16],[-122.28015,47.52837,25.51],[-122.28026,47.52861,26.31],[-122.28039,47.52903,27.78],[-122.28042,47.52914,28.07],[-122.28043,47.52921,28.14],[-122.28043,47.52926,28.33],[-122.28044,47.52929,28.59],[-122.28045,47.5293,28.63],[-122.28049,47.52956,29.57],[-122.2805,47.52978,30.55],[-122.28049,47.52984,30.82],[-122.28049,47.5299,31.01],[-122.28049,47.52996,31.09],[-122.2805,47.53004,31.57],[-122.2805,47.53041,33.0],[-122.28049,47.53083,34.23],[-122.28048,47.5314,35.46],[-122.2805,47.53144,35.35],[-122.28047,47.53147,35.39],[-122.28047,47.53154,35.39],[-122.28047,47.53161,35.5],[-122.28051,47.53166,35.49],[-122.2805,47.53168,35.63],[-122.28052,47.5321,35.69],[-122.28051,47.53211,35.71],[-122.28051,47.53217,35.6],[-122.2805,47.53224,35.7],[-122.28053,47.53225,35.76],[-122.28054,47.53228,35.8],[-122.28055,47.53252,36.02],[-122.28055,47.53256,36.04],[-122.28056,47.53257,35.94],[-122.28056,47.53275,36.23],[-122.28056,47.53293,36.42],[-122.28055,47.53329,36.96],[-122.28056,47.53338,36.83],[-122.28056,47.53344,36.92],[-122.28057,47.53347,37.08],[-122.28056,47.53367,37.23],[-122.28057,47.53407,37.63],[-122.28058,47.53441,37.93],[-122.28058,47.5347,38.23],[-122.28058,47.53488,38.45],[-122.28058,47.53514,38.76],[-122.28053,47.53517,38.78],[-122.28053,47.53525,38.72],[-122.28053,47.53541,38.81],[-122.28052,47.53549,39.01],[-122.28055,47.5355,39.05],[-122.28056,47.53554,39.12],[-122.28055,47.53593,39.03],[-122.28056,47.53604,38.95],[-122.2806,47.53634,38.84],[-122.28069,47.53665,38.69],[-122.28078,47.53691,38.77],[-122.28077,47.53693,38.76],[-122.28083,47.53705,38.5],[-122.28089,47.53718,38.6],[-122.28091,47.53718,38.6],[-122.28094,47.53724,38.6],[-122.28095,47.53726,38.6],[-122.28134,47.53804,37.78],[-122.28154,47.53847,37.62],[-122.2817,47.53877,37.58],[-122.28168,47.5388,37.64],[-122.28174,47.5389,37.51],[-122.28178,47.53896,37.73],[-122.2818,47.53897,38.26],[-122.28183,47.53901,37.66],[-122.28196,47.53925,37.75]]}
    },
    {
        "type": "Feature",
        "properties": {
            "distance_mi": 1.45,
            "ascent_ft": 44.46,
            "descent_ft": 37.8,
            "start_exchange": 160,
            "end_exchange": 158,
            "notes": "Good, wide sidewalk. MLK is built up in this area.",
            "start_name": "Othello",
            "end_name": "Columbia City",
            "attributes": [],
            "time": "2025-09-14T00:00:00Z",
            "sequence": [
                7
            ],
            "lines": [
                "lrr_1line"
            ],
            "id": 17
        }, "geometry":{"type":"LineString","coordinates":[[-122.28196,47.53925,37.75],[-122.28208,47.53946,37.76],[-122.28271,47.54057,37.41],[-122.28271,47.54059,37.27],[-122.28274,47.54064,37.25],[-122.28277,47.5407,37.22],[-122.2828,47.54075,37.38],[-122.28284,47.54077,37.26],[-122.28294,47.54101,37.16],[-122.28341,47.54207,36.46],[-122.28354,47.54234,36.63],[-122.28353,47.54238,36.59],[-122.28355,47.54238,36.51],[-122.28357,47.54247,36.49],[-122.28362,47.54253,36.55],[-122.28361,47.54254,36.65],[-122.28364,47.54255,36.69],[-122.28366,47.54259,36.76],[-122.28378,47.54281,36.81],[-122.28389,47.54301,36.86],[-122.28394,47.54309,36.9],[-122.28392,47.54313,36.98],[-122.28396,47.54319,36.9],[-122.284,47.54326,37.05],[-122.28402,47.54326,37.11],[-122.28416,47.54353,37.89],[-122.28417,47.54354,37.35],[-122.28418,47.54357,37.39],[-122.2843,47.54379,37.45],[-122.28429,47.54382,37.58],[-122.28428,47.54383,37.58],[-122.28432,47.5439,37.54],[-122.28435,47.54396,37.59],[-122.28438,47.54399,37.73],[-122.28445,47.54413,37.96],[-122.28461,47.54446,38.21],[-122.28464,47.54453,38.29],[-122.28463,47.54455,38.26],[-122.28467,47.54463,38.16],[-122.28469,47.54466,38.16],[-122.2847,47.54468,38.32],[-122.28484,47.54494,38.55],[-122.28489,47.54505,38.51],[-122.28494,47.54517,38.58],[-122.28495,47.54521,38.59],[-122.28493,47.54523,38.63],[-122.28497,47.54533,38.51],[-122.28499,47.54537,38.51],[-122.285,47.5454,38.76],[-122.28525,47.5459,39.37],[-122.28525,47.54594,39.3],[-122.28529,47.54601,39.16],[-122.28533,47.54607,39.25],[-122.28535,47.54611,39.33],[-122.28535,47.54613,39.48],[-122.28538,47.54613,39.54],[-122.28539,47.54616,39.62],[-122.28543,47.54623,39.68],[-122.28553,47.54642,39.71],[-122.28572,47.54676,39.45],[-122.28581,47.54693,39.37],[-122.28588,47.54708,39.41],[-122.28603,47.54739,39.72],[-122.28639,47.54812,40.71],[-122.28637,47.54814,40.67],[-122.28641,47.54821,40.51],[-122.28644,47.54827,40.58],[-122.28658,47.5485,40.88],[-122.28696,47.54932,41.35],[-122.28712,47.54967,41.58],[-122.28711,47.5497,41.58],[-122.28715,47.54977,41.4],[-122.28718,47.54983,41.59],[-122.2872,47.54983,41.61],[-122.28741,47.55028,41.91],[-122.28756,47.55067,42.1],[-122.28778,47.5511,42.53],[-122.28778,47.55113,42.47],[-122.28777,47.55114,43.69],[-122.28779,47.55115,42.33],[-122.28784,47.55124,42.45],[-122.28786,47.55129,42.44],[-122.28786,47.55131,42.6],[-122.28789,47.55132,42.64],[-122.28791,47.55134,42.64],[-122.28795,47.55143,43.35],[-122.28812,47.55177,42.82],[-122.28818,47.55188,42.93],[-122.28818,47.5519,42.96],[-122.28822,47.55197,42.9],[-122.28826,47.55203,42.89],[-122.28846,47.55242,43.5],[-122.28854,47.55261,43.66],[-122.28853,47.55264,43.76],[-122.28857,47.55265,43.53],[-122.28861,47.55271,43.57],[-122.28862,47.55276,43.61],[-122.28862,47.55277,43.7],[-122.28865,47.55279,43.79],[-122.28889,47.55331,44.28],[-122.28888,47.55335,44.22],[-122.28891,47.55336,44.08],[-122.28895,47.55345,44.05],[-122.28898,47.55351,44.03],[-122.28899,47.55353,44.19],[-122.28902,47.55354,44.17],[-122.28902,47.55356,44.13],[-122.28927,47.55409,43.58],[-122.2893,47.55417,43.5],[-122.28933,47.55425,43.34],[-122.28936,47.55433,43.41],[-122.28944,47.55451,43.22],[-122.28944,47.55452,43.2],[-122.28948,47.55461,42.89],[-122.28951,47.55467,42.85],[-122.2897,47.55507,42.92],[-122.28971,47.55509,42.85],[-122.28972,47.55511,42.71],[-122.28976,47.55518,42.68],[-122.28979,47.55525,42.67],[-122.28978,47.55527,42.83],[-122.2898,47.55528,42.83],[-122.28982,47.55531,42.77],[-122.28986,47.55543,42.65],[-122.29014,47.55598,42.09],[-122.29072,47.55693,41.23],[-122.29072,47.55695,41.16],[-122.29071,47.55696,40.99],[-122.29075,47.55698,40.92],[-122.2908,47.55705,40.82],[-122.29084,47.55712,40.82],[-122.29084,47.55713,40.98],[-122.29094,47.55728,40.85],[-122.29124,47.55778,40.13],[-122.29126,47.5578,39.91],[-122.29129,47.55787,39.74],[-122.29132,47.55792,39.79],[-122.29136,47.55795,39.85],[-122.29153,47.55826,39.4],[-122.29169,47.55855,39.55],[-122.29171,47.55858,39.45],[-122.29175,47.55865,39.39],[-122.29177,47.55869,39.38],[-122.29179,47.55873,39.44],[-122.2918,47.55875,39.6],[-122.29188,47.5588,39.7],[-122.29194,47.5589,39.73],[-122.29187,47.55891,39.78]]}
    },
    {
        "type": "Feature",
        "properties": {
            "distance_mi": 0.47,
            "ascent_ft": 1.44,
            "descent_ft": 57.84,
            "start_exchange": 258,
            "end_exchange": 257,
            "notes": "",
            "start_name": "Bellevue Downtown",
            "end_name": "East Main",
            "attributes": [],
            "time": "2026-08-09T00:00:00Z",
            "sequence": [
                7
            ],
            "lines": [
                "lrr_2line"
            ],
            "id": 18
        }, "geometry":{"type":"LineString","coordinates":[[-122.19122,47.61524,36.19],[-122.19111,47.61523,35.88],[-122.19113,47.61516,35.67],[-122.19114,47.61478,34.54],[-122.19112,47.61471,34.12],[-122.19115,47.61387,30.74],[-122.1912,47.61384,30.76],[-122.19117,47.61381,30.39],[-122.19119,47.61361,30.02],[-122.1912,47.61359,30.09],[-122.19115,47.61357,29.87],[-122.19114,47.61353,29.72],[-122.19107,47.61297,28.0],[-122.19107,47.61243,26.65],[-122.19106,47.61236,26.24],[-122.19105,47.61213,26.17],[-122.19106,47.6121,25.96],[-122.19109,47.61208,25.96],[-122.19107,47.61207,25.72],[-122.19106,47.61189,25.28],[-122.19108,47.61187,25.38],[-122.19106,47.61185,25.22],[-122.19105,47.61182,25.17],[-122.19102,47.61121,23.09],[-122.191,47.61021,22.88],[-122.19103,47.61019,23.08],[-122.19102,47.61017,23.0],[-122.19101,47.61016,22.98],[-122.19098,47.60997,22.09],[-122.191,47.60996,22.14],[-122.19099,47.60994,21.89],[-122.19098,47.60865,19.0]]}
    },
    {
        "type": "Feature",
        "properties": {
            "distance_mi": 1.41,
            "ascent_ft": 34.58,
            "descent_ft": 111.06,
            "start_exchange": 158,
            "end_exchange": 157,
            "notes": "Good, wide sidewalk. MLK is built up in this area.",
            "start_name": "Columbia City",
            "end_name": "Mount Baker",
            "attributes": [],
            "time": "2024-09-18T00:00:00Z",
            "sequence": [
                8
            ],
            "lines": [
                "lrr_1line"
            ],
            "id": 19
        }, "geometry":{"type":"LineString","coordinates":[[-122.2918,47.55875,39.67],[-122.29188,47.5588,39.63],[-122.29194,47.5589,39.73],[-122.29214,47.55925,39.59],[-122.29219,47.55934,39.42],[-122.29224,47.5594,39.54],[-122.29254,47.55992,40.03],[-122.29279,47.56036,40.81],[-122.29295,47.56061,41.25],[-122.29296,47.56066,41.35],[-122.29294,47.5607,41.41],[-122.29297,47.5607,41.27],[-122.29304,47.56081,41.24],[-122.29307,47.56086,41.28],[-122.29307,47.56088,41.45],[-122.29307,47.56089,41.28],[-122.29309,47.56089,41.4],[-122.29319,47.56094,41.45],[-122.29345,47.56135,41.55],[-122.29386,47.56202,42.32],[-122.29393,47.56213,42.46],[-122.29408,47.56234,42.75],[-122.29422,47.56258,43.27],[-122.29435,47.56277,43.83],[-122.29435,47.5628,43.85],[-122.29437,47.56282,43.73],[-122.29439,47.56286,43.65],[-122.29447,47.56297,43.87],[-122.29449,47.563,43.91],[-122.29451,47.56303,44.19],[-122.29505,47.56381,45.45],[-122.29507,47.56382,45.39],[-122.2951,47.56383,45.23],[-122.29513,47.56388,45.25],[-122.29517,47.56395,45.38],[-122.29548,47.56445,45.38],[-122.29554,47.56453,45.16],[-122.29557,47.56458,45.26],[-122.29595,47.56517,44.29],[-122.29596,47.56518,44.25],[-122.29599,47.56523,44.2],[-122.29601,47.56527,44.12],[-122.29602,47.56529,44.2],[-122.29642,47.56592,42.32],[-122.29655,47.56618,41.53],[-122.29654,47.56621,41.26],[-122.29656,47.56622,41.11],[-122.29659,47.5663,40.99],[-122.29661,47.56635,40.85],[-122.2966,47.56637,40.97],[-122.29665,47.5664,40.84],[-122.29667,47.56641,40.8],[-122.29672,47.5666,40.13],[-122.29677,47.56696,39.11],[-122.29677,47.56716,38.52],[-122.29677,47.56728,38.15],[-122.29675,47.56761,37.2],[-122.29674,47.56782,36.57],[-122.29673,47.5679,36.41],[-122.29673,47.56798,36.25],[-122.29672,47.56812,35.8],[-122.29672,47.56822,35.47],[-122.29672,47.56841,34.9],[-122.2967,47.56842,34.94],[-122.2967,47.56857,34.49],[-122.29672,47.57049,29.41],[-122.29667,47.57129,26.82],[-122.29666,47.57131,26.88],[-122.29666,47.57133,26.73],[-122.29666,47.57139,26.41],[-122.29666,47.57144,26.15],[-122.29665,47.57146,26.22],[-122.29667,47.57149,26.16],[-122.29667,47.57188,24.65],[-122.29666,47.57193,24.49],[-122.29662,47.57195,24.35],[-122.29663,47.57197,24.22],[-122.29662,47.57203,24.06],[-122.29661,47.57211,23.89],[-122.2966,47.57213,23.99],[-122.29665,47.57215,23.79],[-122.29667,47.57219,23.6],[-122.29668,47.57234,22.91],[-122.29667,47.57236,22.79],[-122.29665,47.57237,22.73],[-122.29666,47.57239,22.57],[-122.29666,47.57244,22.36],[-122.29667,47.5725,22.11],[-122.29665,47.57252,22.25],[-122.29667,47.57253,22.21],[-122.29667,47.57255,22.13],[-122.29667,47.57271,21.54],[-122.29666,47.57321,19.4],[-122.29665,47.57323,19.3],[-122.29666,47.57324,19.22],[-122.29666,47.57332,18.93],[-122.29665,47.57341,18.8],[-122.29663,47.57342,18.96],[-122.29666,47.57344,18.9],[-122.29664,47.57413,17.64],[-122.29663,47.57415,17.62],[-122.29664,47.57417,17.46],[-122.29664,47.57422,17.33],[-122.29664,47.57429,17.19],[-122.29662,47.57431,17.35],[-122.29664,47.57433,17.35],[-122.29664,47.57452,16.98],[-122.29662,47.57453,16.96],[-122.29663,47.57455,16.76],[-122.29663,47.57462,16.7],[-122.29661,47.57471,16.55],[-122.29659,47.57473,16.71],[-122.29661,47.57474,16.69],[-122.29662,47.57475,16.67],[-122.29662,47.57489,16.56],[-122.29661,47.57516,16.31],[-122.29663,47.57517,16.27],[-122.29662,47.57529,16.16],[-122.29662,47.5756,15.93],[-122.29659,47.5757,15.97],[-122.29659,47.57572,15.95],[-122.29658,47.57572,15.95],[-122.29657,47.57573,15.97],[-122.29632,47.57573,15.57],[-122.2964,47.57576,15.71],[-122.29641,47.57577,15.71],[-122.29648,47.57575,16.09],[-122.29651,47.57575,16.27],[-122.29654,47.57575,16.07],[-122.29656,47.57577,16.15],[-122.29657,47.57579,16.09],[-122.29656,47.57582,16.07],[-122.29655,47.57585,16.07],[-122.29653,47.57587,15.87],[-122.2965,47.57588,15.7],[-122.29648,47.57588,15.7],[-122.29645,47.57587,15.64],[-122.29638,47.57578,15.74],[-122.29658,47.57578,16.07],[-122.29691,47.57578,15.85],[-122.29694,47.57579,15.85],[-122.29697,47.57582,15.9],[-122.29699,47.57583,15.96],[-122.29702,47.57583,15.94],[-122.29705,47.57583,15.94],[-122.29707,47.57581,16.04],[-122.29707,47.57579,16.08],[-122.29707,47.57577,16.11],[-122.29705,47.57576,16.19],[-122.29703,47.57575,16.21],[-122.29698,47.57575,16.15],[-122.29695,47.57576,15.91],[-122.29694,47.57587,15.73],[-122.29692,47.57585,15.71],[-122.2969,47.57587,15.59],[-122.2969,47.57588,15.57],[-122.2969,47.57593,15.66],[-122.2969,47.57597,15.62],[-122.2969,47.57599,15.6],[-122.2969,47.57599,15.57],[-122.29693,47.57603,15.87],[-122.29709,47.57603,15.91],[-122.29719,47.57603,16.09],[-122.2973,47.57603,16.33],[-122.29734,47.57609,16.36],[-122.29775,47.57664,16.36],[-122.29776,47.57665,16.36]]}
    },
    {
        "type": "Feature",
        "properties": {
            "distance_mi": 1.6,
            "ascent_ft": 64.7,
            "descent_ft": 74.11,
            "start_exchange": 257,
            "end_exchange": 256,
            "notes": "",
            "start_name": "East Main",
            "end_name": "South Bellevue",
            "attributes": [],
            "time": "2026-08-09T00:00:00Z",
            "sequence": [
                8
            ],
            "lines": [
                "lrr_2line"
            ],
            "id": 20
        }, "geometry":{"type":"LineString","coordinates":[[-122.19098,47.60865,19.0],[-122.19099,47.60848,18.91],[-122.19096,47.60838,18.69],[-122.19092,47.6047,17.82],[-122.19089,47.60396,16.08],[-122.19086,47.60393,15.44],[-122.19086,47.60367,15.18],[-122.19089,47.60357,15.57],[-122.19089,47.60341,15.59],[-122.19088,47.60334,15.38],[-122.19089,47.60327,15.59],[-122.1909,47.6031,15.0],[-122.19088,47.60303,14.69],[-122.1909,47.60296,14.9],[-122.19092,47.60162,11.42],[-122.19057,47.60159,11.0],[-122.19056,47.60136,10.34],[-122.19056,47.60135,10.33],[-122.19058,47.60131,10.46],[-122.19058,47.60056,10.57],[-122.1906,47.59994,13.08],[-122.19064,47.59975,14.46],[-122.19072,47.59954,15.17],[-122.19087,47.59931,16.0],[-122.19092,47.59925,16.11],[-122.19105,47.59912,16.78],[-122.19115,47.59903,16.18],[-122.19164,47.59869,14.38],[-122.19263,47.59788,10.04],[-122.19337,47.5972,9.93],[-122.1935,47.59705,10.0],[-122.19362,47.59687,10.0],[-122.1937,47.59673,10.0],[-122.1938,47.59654,10.16],[-122.19459,47.59468,12.45],[-122.19476,47.59427,14.55],[-122.19482,47.5942,15.1],[-122.19487,47.59406,15.41],[-122.19489,47.59384,15.51],[-122.19487,47.5937,15.98],[-122.19483,47.59354,16.0],[-122.19473,47.59335,15.59],[-122.19457,47.5931,14.39],[-122.1944,47.59291,13.32],[-122.19412,47.59246,13.45],[-122.19348,47.59157,14.0],[-122.19311,47.59105,11.75],[-122.19302,47.5909,12.61],[-122.1928,47.59058,11.5],[-122.19218,47.5897,12.65],[-122.19203,47.58938,13.21],[-122.19195,47.58908,14.0],[-122.19176,47.58854,13.82],[-122.19156,47.58788,15.28],[-122.19143,47.58751,16.0],[-122.19136,47.58737,16.0],[-122.19128,47.58714,16.0],[-122.19121,47.58707,16.15],[-122.19121,47.58707,16.13]]}
    },
    {
        "type": "Feature",
        "properties": {
            "distance_mi": 2.81,
            "ascent_ft": 330.22,
            "descent_ft": 320.6,
            "start_exchange": 256,
            "end_exchange": 255,
            "notes": "",
            "start_name": "South Bellevue",
            "end_name": "Mercer Island",
            "attributes": [],
            "time": "2026-08-09T00:00:00Z",
            "sequence": [
                9
            ],
            "lines": [
                "lrr_2line"
            ],
            "id": 21
        }, "geometry":{"type":"LineString","coordinates":[[-122.1912,47.58707,16.64],[-122.19121,47.58707,16.6],[-122.19112,47.58675,16.76],[-122.191,47.58648,16.65],[-122.19086,47.58622,16.34],[-122.19086,47.58619,16.32],[-122.19093,47.58616,16.22],[-122.1912,47.58608,16.95],[-122.19121,47.58608,16.99],[-122.19121,47.58608,16.99],[-122.19122,47.58603,17.23],[-122.1912,47.58603,17.17],[-122.19115,47.58597,17.11],[-122.19119,47.58593,17.58],[-122.19119,47.58532,24.0],[-122.19121,47.58348,33.49],[-122.19121,47.58343,33.69],[-122.1939,47.58342,35.46],[-122.19391,47.583,36.6],[-122.1939,47.58258,35.34],[-122.19395,47.5805,29.83],[-122.19483,47.58051,28.04],[-122.19493,47.58045,27.38],[-122.195,47.58045,27.24],[-122.19507,47.58042,27.1],[-122.19507,47.5804,27.16],[-122.19509,47.58038,27.12],[-122.1951,47.58038,27.12],[-122.1955,47.58035,27.32],[-122.1961,47.58027,27.98],[-122.19616,47.58024,28.14],[-122.1962,47.58022,28.34],[-122.19628,47.58021,26.89],[-122.19654,47.58016,19.15],[-122.19685,47.58008,18.01],[-122.19781,47.57982,10.82],[-122.20224,47.5787,4.98],[-122.20241,47.57866,4.98],[-122.2028,47.57858,4.98],[-122.20326,47.5785,4.98],[-122.20345,47.57848,4.98],[-122.20382,47.57844,9.58],[-122.20423,47.5784,13.59],[-122.20457,47.57838,15.14],[-122.20473,47.57838,18.63],[-122.20507,47.57838,23.18],[-122.20546,47.57839,23.73],[-122.20591,47.57842,24.6],[-122.20647,47.57847,25.62],[-122.20663,47.57849,26.09],[-122.2067,47.5785,26.26],[-122.20694,47.57861,27.01],[-122.20699,47.57861,27.13],[-122.20713,47.5786,27.74],[-122.20718,47.57861,27.66],[-122.20721,47.57861,27.74],[-122.20727,47.57862,27.78],[-122.20736,47.57863,27.58],[-122.20836,47.57871,25.34],[-122.20924,47.5788,25.65],[-122.2094,47.57882,25.59],[-122.21057,47.57899,26.39],[-122.21111,47.57907,25.84],[-122.2114,47.57914,25.97],[-122.21247,47.57927,28.4],[-122.21281,47.57929,30.23],[-122.21286,47.57929,30.25],[-122.21292,47.57927,28.11],[-122.21294,47.57926,25.09],[-122.21296,47.57925,23.39],[-122.21301,47.57922,19.43],[-122.21306,47.5792,19.65],[-122.2131,47.57927,23.38],[-122.21313,47.57928,25.36],[-122.21316,47.57931,29.9],[-122.21327,47.57937,29.5],[-122.2134,47.57941,29.39],[-122.21382,47.57953,29.24],[-122.21444,47.57972,29.1],[-122.21485,47.57986,29.01],[-122.21511,47.57997,28.93],[-122.21553,47.58017,29.17],[-122.21635,47.58061,31.48],[-122.21713,47.58124,36.96],[-122.21756,47.58157,40.64],[-122.21807,47.58182,43.76],[-122.21896,47.58237,44.13],[-122.21911,47.58244,43.69],[-122.2192,47.58247,43.37],[-122.21926,47.58249,42.91],[-122.21933,47.58251,42.29],[-122.21942,47.58257,41.94],[-122.21985,47.58285,38.47],[-122.21985,47.58285,38.47],[-122.2208,47.58324,32.75],[-122.22205,47.58376,26.2],[-122.22287,47.58413,24.29],[-122.22447,47.58481,23.53],[-122.22541,47.58525,21.83],[-122.22608,47.58554,20.4],[-122.22668,47.5859,19.6],[-122.22692,47.5861,20.65],[-122.22712,47.58629,22.42],[-122.22725,47.58641,23.63],[-122.22746,47.58653,25.12],[-122.22765,47.58661,25.69],[-122.22776,47.58665,25.39],[-122.22787,47.58668,24.72],[-122.22829,47.58676,23.65],[-122.2285,47.58687,24.74],[-122.22868,47.58699,26.16],[-122.22882,47.58704,26.74],[-122.2289,47.58706,26.82],[-122.22901,47.58708,27.29],[-122.22906,47.5871,27.66],[-122.22918,47.5872,28.4],[-122.22928,47.58719,28.81],[-122.22928,47.58719,28.81],[-122.22939,47.58723,29.19],[-122.22952,47.58711,20.88],[-122.22956,47.58711,20.85],[-122.22968,47.58707,20.48],[-122.22983,47.58699,21.24],[-122.23001,47.58677,23.16],[-122.23007,47.58666,22.73],[-122.23014,47.58662,27.9],[-122.2302,47.58662,31.68],[-122.23028,47.58664,31.9],[-122.2305,47.5867,32.29],[-122.23078,47.58675,32.24],[-122.23147,47.5868,31.02],[-122.23156,47.58683,30.76],[-122.23159,47.58683,30.63],[-122.23189,47.58683,30.38],[-122.23191,47.58683,30.39],[-122.23197,47.58683,30.41],[-122.23207,47.5868,30.27],[-122.23212,47.5868,30.25],[-122.23217,47.58681,30.22],[-122.23225,47.58685,30.4],[-122.23229,47.58692,30.6],[-122.23229,47.58695,30.69],[-122.23226,47.58702,30.73],[-122.23226,47.58706,30.7],[-122.2323,47.58712,30.74],[-122.23304,47.58739,30.24],[-122.23337,47.58751,30.1],[-122.23449,47.5879,28.96],[-122.23448,47.58794,28.98],[-122.23451,47.58801,28.97],[-122.23462,47.58808,28.92],[-122.23474,47.58811,28.9],[-122.23476,47.58817,28.91],[-122.23473,47.58825,29.07],[-122.23465,47.58835,19.57]]}
    },
    {
        "type": "Feature",
        "properties": {
            "distance_mi": 0.82,
            "ascent_ft": 257.19,
            "descent_ft": 18.11,
            "start_exchange": 157,
            "end_exchange": 156,
            "notes": "Mostly residential with okay sidewalks. Mind the climb.",
            "start_name": "Mount Baker",
            "end_name": "Beacon Hill",
            "attributes": [],
            "time": "2025-09-14T00:00:00Z",
            "sequence": [
                9
            ],
            "lines": [
                "lrr_1line"
            ],
            "id": 22
        }, "geometry":{"type":"LineString","coordinates":[[-122.29776,47.57665,16.34],[-122.29789,47.57682,16.18],[-122.29806,47.57704,16.13],[-122.2982,47.57723,16.11],[-122.2982,47.57736,16.21],[-122.2982,47.57739,16.18],[-122.29818,47.5774,16.12],[-122.2982,47.57742,16.02],[-122.29827,47.57743,16.05],[-122.29834,47.57744,16.25],[-122.29836,47.57744,16.33],[-122.29837,47.57746,16.33],[-122.2984,47.57747,16.31],[-122.29918,47.57747,19.95],[-122.29923,47.57747,20.23],[-122.29928,47.57749,20.53],[-122.29933,47.57751,20.53],[-122.29936,47.57754,20.52],[-122.29938,47.57756,20.53],[-122.29939,47.57761,20.69],[-122.29939,47.57823,18.63],[-122.2994,47.57825,18.74],[-122.29943,47.57826,19.12],[-122.29946,47.57828,19.62],[-122.29948,47.57828,19.83],[-122.29949,47.57829,20.05],[-122.3002,47.57829,30.02],[-122.30022,47.57829,30.06],[-122.30023,47.57829,30.1],[-122.3003,47.57829,30.32],[-122.30036,47.57829,30.54],[-122.30038,47.57828,30.72],[-122.3004,47.57829,30.84],[-122.30123,47.57829,41.9],[-122.30125,47.5783,41.9],[-122.3013,47.5783,42.09],[-122.30138,47.57829,42.41],[-122.3014,47.57829,42.54],[-122.30223,47.57829,53.65],[-122.30224,47.57829,53.73],[-122.30224,47.57827,53.89],[-122.30227,47.57827,53.91],[-122.30233,47.57827,54.07],[-122.30238,47.57827,54.12],[-122.30241,47.57827,54.36],[-122.30241,47.57829,54.28],[-122.30242,47.57829,54.28],[-122.30325,47.57829,62.57],[-122.30326,47.57829,62.55],[-122.30327,47.57834,62.31],[-122.30328,47.57842,61.97],[-122.30332,47.57843,62.05],[-122.30339,47.57844,62.17],[-122.30342,47.57844,62.33],[-122.30343,47.57843,62.39],[-122.30426,47.57843,64.01],[-122.30427,47.57844,63.97],[-122.3043,47.57844,63.89],[-122.30434,47.57844,63.93],[-122.30441,47.57845,63.96],[-122.30443,47.57845,64.02],[-122.30444,47.57843,64.08],[-122.30524,47.57843,64.13],[-122.30526,47.57843,64.09],[-122.30527,47.57843,64.07],[-122.30528,47.57845,64.03],[-122.30528,47.57868,63.27],[-122.30528,47.57884,62.75],[-122.30535,47.57884,62.56],[-122.30539,47.57884,62.56],[-122.30549,47.57883,62.64],[-122.30551,47.57883,62.7],[-122.30552,47.57884,62.74],[-122.30607,47.57884,64.77],[-122.30661,47.57884,66.58],[-122.30665,47.57885,66.54],[-122.30667,47.57885,66.44],[-122.30671,47.57885,66.6],[-122.30677,47.57885,66.66],[-122.3068,47.57885,66.92],[-122.30684,47.57884,67.14],[-122.30791,47.57885,73.71],[-122.30795,47.57885,73.69],[-122.30798,47.57885,73.58],[-122.30801,47.57885,73.7],[-122.30808,47.57885,73.89],[-122.3081,47.57885,74.03],[-122.30814,47.57885,74.27],[-122.30922,47.57885,82.33],[-122.30926,47.57885,82.27],[-122.30928,47.57885,82.17],[-122.30932,47.57885,82.33],[-122.30938,47.57885,82.38],[-122.30941,47.57885,82.64],[-122.30944,47.57885,82.76],[-122.31064,47.57885,88.8],[-122.31064,47.57881,88.8],[-122.31067,47.5788,88.7],[-122.31073,47.57878,88.84],[-122.31079,47.57876,88.87],[-122.31082,47.57876,89.05],[-122.31082,47.57875,89.05],[-122.31083,47.57873,89.08],[-122.31087,47.57872,89.18],[-122.31088,47.57872,89.2],[-122.31141,47.57872,89.31],[-122.31152,47.57872,89.28],[-122.3118,47.57902,89.22],[-122.31183,47.57903,89.2],[-122.31204,47.57926,89.21],[-122.31205,47.57926,89.21]]}
    },
    {
        "type": "Feature",
        "properties": {
            "distance_mi": 3.42,
            "ascent_ft": 304.89,
            "descent_ft": 216.47,
            "start_exchange": 255,
            "end_exchange": 254,
            "notes": "",
            "start_name": "Mercer Island",
            "end_name": "Judkins Park",
            "attributes": [],
            "time": "2026-08-08T00:00:00Z",
            "sequence": [
                10
            ],
            "lines": [
                "lrr_2line"
            ],
            "id": 23
        }, "geometry":{"type":"LineString","coordinates":[[-122.23464,47.58836,19.53],[-122.23473,47.58825,29.07],[-122.23476,47.58817,28.91],[-122.23474,47.58811,28.9],[-122.23479,47.5881,28.84],[-122.23483,47.58808,28.8],[-122.23485,47.58806,28.76],[-122.23497,47.588,28.62],[-122.23502,47.58797,28.66],[-122.23502,47.58795,28.62],[-122.23518,47.588,28.93],[-122.23521,47.58805,28.9],[-122.23586,47.5883,28.62],[-122.23618,47.58841,28.64],[-122.23631,47.58848,28.77],[-122.23697,47.58868,27.06],[-122.23741,47.58895,25.3],[-122.23746,47.58904,25.29],[-122.23749,47.58916,24.89],[-122.2375,47.58921,18.97],[-122.23754,47.58928,17.23],[-122.23762,47.58928,17.31],[-122.23789,47.58928,24.67],[-122.23809,47.58928,25.3],[-122.23824,47.58931,25.92],[-122.23834,47.58936,26.36],[-122.2385,47.58949,26.91],[-122.23872,47.58955,27.68],[-122.2389,47.58958,28.35],[-122.23927,47.58985,30.18],[-122.23943,47.58999,30.91],[-122.23943,47.58999,30.91],[-122.23954,47.59009,31.46],[-122.23992,47.5904,33.86],[-122.24025,47.59065,36.77],[-122.24069,47.59098,39.24],[-122.241,47.59112,39.76],[-122.24116,47.59118,40.08],[-122.24152,47.5913,41.42],[-122.24176,47.59131,42.23],[-122.24198,47.59141,42.92],[-122.2422,47.59147,43.64],[-122.24249,47.59155,44.5],[-122.24282,47.5916,45.39],[-122.24296,47.59166,45.5],[-122.24318,47.59182,45.05],[-122.24332,47.59176,45.94],[-122.24354,47.59171,47.64],[-122.24375,47.59169,49.03],[-122.24422,47.59168,51.07],[-122.24468,47.5917,52.38],[-122.24504,47.5917,52.35],[-122.24526,47.59168,52.07],[-122.24535,47.59166,51.85],[-122.24544,47.59164,51.53],[-122.2456,47.59157,50.76],[-122.24587,47.59141,49.06],[-122.246,47.59136,48.22],[-122.24607,47.59134,47.72],[-122.24618,47.59133,47.0],[-122.24662,47.5913,44.58],[-122.24671,47.59128,44.01],[-122.24694,47.59122,42.63],[-122.24718,47.59112,41.51],[-122.24727,47.59106,41.15],[-122.24741,47.59094,40.67],[-122.24754,47.59081,40.31],[-122.24769,47.59061,39.84],[-122.24777,47.5905,40.03],[-122.24785,47.59035,40.7],[-122.24786,47.59031,40.82],[-122.24795,47.59032,40.95],[-122.249,47.59045,39.99],[-122.24929,47.59053,39.57],[-122.24957,47.59067,37.98],[-122.24992,47.59072,36.58],[-122.25007,47.59073,35.85],[-122.25022,47.59073,35.15],[-122.25046,47.5907,33.84],[-122.25085,47.59058,31.33],[-122.25119,47.59048,29.32],[-122.25171,47.59023,25.73],[-122.25215,47.59005,23.53],[-122.25259,47.58994,22.66],[-122.25275,47.58991,20.47],[-122.25303,47.58987,15.0],[-122.25342,47.58983,15.24],[-122.25362,47.58982,14.5],[-122.25797,47.58983,4.98],[-122.28723,47.59049,20.98],[-122.28771,47.5905,26.56],[-122.28783,47.59054,28.1],[-122.28806,47.59069,33.23],[-122.28832,47.59095,36.86],[-122.2884,47.59098,37.47],[-122.28849,47.59098,38.09],[-122.28857,47.59097,38.66],[-122.28864,47.59093,39.28],[-122.28869,47.59085,40.07],[-122.28866,47.59068,41.33],[-122.28866,47.59055,41.64],[-122.28869,47.59049,41.69],[-122.28873,47.59046,41.75],[-122.28878,47.59043,41.78],[-122.28883,47.59042,41.8],[-122.28889,47.59042,41.85],[-122.29441,47.59047,46.32],[-122.29462,47.59047,46.67],[-122.2953,47.59048,48.12],[-122.29549,47.59051,48.32],[-122.29567,47.59056,48.49],[-122.29586,47.59058,48.65],[-122.29595,47.59057,48.77],[-122.29606,47.59056,48.92],[-122.29617,47.59053,49.06],[-122.29627,47.5905,49.19],[-122.29662,47.59034,49.84],[-122.29683,47.59027,50.17],[-122.29704,47.59024,50.4],[-122.29731,47.59024,50.04],[-122.29762,47.59027,49.32],[-122.29769,47.59028,49.48],[-122.29779,47.59028,49.52],[-122.29784,47.59027,49.5],[-122.29795,47.59021,49.3],[-122.29814,47.59005,48.81],[-122.29825,47.58998,48.63],[-122.29837,47.58992,48.4],[-122.29853,47.58986,48.16],[-122.29869,47.58981,47.98],[-122.29884,47.58979,47.85],[-122.29899,47.58977,47.83],[-122.29915,47.58977,47.82],[-122.29932,47.58978,47.8],[-122.29951,47.58981,47.81],[-122.29968,47.58986,47.72],[-122.29983,47.58992,47.64],[-122.30004,47.59003,47.66],[-122.30017,47.59013,47.73],[-122.30029,47.5902,47.79],[-122.30043,47.59026,47.82],[-122.30057,47.5903,47.83],[-122.30071,47.59033,47.76],[-122.30082,47.59034,47.7],[-122.30095,47.59034,47.6],[-122.30122,47.59032,47.42],[-122.30165,47.59031,47.16],[-122.30204,47.59031,46.87],[-122.30208,47.59031,46.68],[-122.30223,47.59032,46.36],[-122.30231,47.59032,46.48]]}
    },
    {
        "type": "Feature",
        "properties": {
            "distance_mi": 1.41,
            "ascent_ft": 6.92,
            "descent_ft": 279.92,
            "start_exchange": 156,
            "end_exchange": 155,
            "notes": "Beacon Ave is a commercial corridor with good sidewalks. Good views of West Seattle as you drop into SODO.",
            "start_name": "Beacon Hill",
            "end_name": "SODO",
            "attributes": [],
            "time": "2024-09-18T00:00:00Z",
            "sequence": [
                10
            ],
            "lines": [
                "lrr_1line"
            ],
            "id": 24
        }, "geometry":{"type":"LineString","coordinates":[[-122.31214,47.5794,89.2],[-122.31213,47.57941,89.16],[-122.31212,47.57941,89.18],[-122.31214,47.57943,89.02],[-122.31217,47.57947,88.95],[-122.31222,47.57953,88.89],[-122.31224,47.57954,88.98],[-122.31227,47.57953,88.95],[-122.31228,47.57954,89.0],[-122.31325,47.58057,87.88],[-122.31331,47.58064,87.72],[-122.31333,47.58067,87.66],[-122.31335,47.58067,87.58],[-122.31342,47.58073,87.57],[-122.31354,47.58083,87.5],[-122.31354,47.58084,87.54],[-122.3137,47.58106,87.36],[-122.31399,47.58139,86.83],[-122.3141,47.5815,86.69],[-122.31441,47.58183,86.48],[-122.31446,47.58187,86.57],[-122.31456,47.58191,86.58],[-122.31456,47.58192,86.64],[-122.31459,47.58194,86.69],[-122.31462,47.58193,86.53],[-122.3147,47.58193,86.3],[-122.31483,47.58193,85.8],[-122.31485,47.58194,85.86],[-122.31489,47.58193,85.65],[-122.31536,47.58194,82.76],[-122.31553,47.58194,81.6],[-122.31554,47.58194,81.5],[-122.31564,47.58196,80.87],[-122.31574,47.58199,80.14],[-122.31584,47.58203,79.3],[-122.31597,47.58211,78.23],[-122.31621,47.58237,75.3],[-122.31664,47.58293,69.65],[-122.31708,47.58348,63.78],[-122.31761,47.58408,57.07],[-122.31835,47.58481,49.32],[-122.31855,47.5851,46.43],[-122.31882,47.58551,42.51],[-122.31892,47.58562,41.52],[-122.31903,47.58572,39.9],[-122.3191,47.58578,39.02],[-122.3191,47.58579,39.1],[-122.31913,47.58581,38.68],[-122.31917,47.58582,38.04],[-122.31924,47.58587,36.92],[-122.31941,47.58596,35.44],[-122.31948,47.58599,34.44],[-122.31961,47.58603,31.37],[-122.31983,47.58609,24.96],[-122.32004,47.58613,20.59],[-122.32011,47.58613,19.57],[-122.32016,47.58614,18.83],[-122.32028,47.58614,16.11],[-122.32223,47.58615,7.57],[-122.32225,47.58616,7.55],[-122.32333,47.58617,7.45],[-122.32335,47.58617,7.45],[-122.32335,47.58619,7.37],[-122.32335,47.58621,7.27],[-122.32335,47.58623,7.32],[-122.32335,47.58627,7.5],[-122.32339,47.58627,7.4],[-122.32342,47.58626,7.32],[-122.32347,47.58626,7.24],[-122.3237,47.58627,7.14],[-122.32442,47.58628,7.08],[-122.32447,47.58627,7.12],[-122.3258,47.58627,6.98],[-122.32585,47.58627,6.9],[-122.32599,47.58629,6.99],[-122.32609,47.58631,6.89],[-122.32614,47.58632,7.06],[-122.32618,47.58632,7.1],[-122.32618,47.58628,7.0],[-122.32618,47.58627,6.94],[-122.3262,47.58627,6.94],[-122.32656,47.58627,6.66],[-122.32729,47.58627,6.83],[-122.32729,47.58626,6.79],[-122.3273,47.58626,6.81],[-122.32729,47.58626,6.79],[-122.32729,47.58624,6.7],[-122.32729,47.58615,6.72],[-122.32729,47.58608,6.72],[-122.32729,47.58606,6.84],[-122.32732,47.58597,6.78],[-122.32732,47.58216,5.47],[-122.32725,47.5819,5.83],[-122.32725,47.58074,5.78],[-122.32721,47.58063,5.82],[-122.32733,47.58062,6.08],[-122.32733,47.58013,5.99]]}
    },
    {
        "type": "Feature",
        "properties": {
            "distance_mi": 0.83,
            "ascent_ft": 7.25,
            "descent_ft": 5.25,
            "start_exchange": 155,
            "end_exchange": 154,
            "notes": "Entirely on the SODO trail, a dedicated multi-use pathway that runs along the Link and the busway. Enjoy the SODO Track murals.",
            "start_name": "SODO",
            "end_name": "Stadium",
            "attributes": [],
            "time": "2025-09-15T00:00:00Z",
            "sequence": [
                11
            ],
            "lines": [
                "lrr_1line"
            ],
            "id": 25
        }, "geometry":{"type":"LineString","coordinates":[[-122.32733,47.58013,5.99],[-122.32733,47.58062,6.08],[-122.32721,47.58063,5.82],[-122.32725,47.58074,5.78],[-122.32725,47.5819,5.83],[-122.32732,47.58216,5.47],[-122.32732,47.58597,6.78],[-122.32729,47.58606,6.84],[-122.32729,47.58608,6.72],[-122.32729,47.58615,6.72],[-122.32729,47.58624,6.7],[-122.32729,47.58627,6.83],[-122.3273,47.58628,6.81],[-122.32732,47.58635,6.75],[-122.32731,47.58815,6.38],[-122.32728,47.58836,6.49],[-122.32711,47.58904,6.28],[-122.32707,47.58922,6.4],[-122.32706,47.58937,6.46],[-122.32705,47.59198,6.74],[-122.32705,47.59205,6.6]]}
    },
    {
        "type": "Feature",
        "properties": {
            "distance_mi": 1.63,
            "ascent_ft": 46.78,
            "descent_ft": 152.33,
            "start_exchange": 254,
            "end_exchange": 1253,
            "notes": "",
            "start_name": "Judkins Park",
            "end_name": "International District/Chinatown",
            "attributes": [],
            "time": "2026-08-08T00:00:00Z",
            "sequence": [
                11
            ],
            "lines": [
                "lrr_2line"
            ],
            "id": 26
        }, "geometry":{"type":"LineString","coordinates":[[-122.30231,47.59032,46.48],[-122.30231,47.59072,47.4],[-122.30231,47.59072,47.42],[-122.30231,47.59072,47.42],[-122.30238,47.59079,47.52],[-122.30251,47.59089,47.41],[-122.30273,47.59102,47.52],[-122.30284,47.59107,47.45],[-122.30293,47.5911,47.38],[-122.30311,47.59113,47.14],[-122.30349,47.59114,46.55],[-122.30361,47.59116,46.39],[-122.30379,47.59119,46.09],[-122.30393,47.59122,45.9],[-122.30409,47.59128,45.67],[-122.30436,47.59135,45.22],[-122.30449,47.59138,44.98],[-122.30469,47.59141,44.47],[-122.30483,47.59142,43.75],[-122.30499,47.59142,42.76],[-122.30513,47.59142,41.92],[-122.30543,47.59138,40.03],[-122.30579,47.59129,37.72],[-122.30603,47.59126,36.27],[-122.30616,47.59125,35.46],[-122.30643,47.59124,33.86],[-122.30653,47.59125,33.34],[-122.30677,47.59129,31.71],[-122.30677,47.59129,31.71],[-122.30683,47.5913,31.37],[-122.3068,47.59136,31.26],[-122.3068,47.59137,30.9],[-122.3068,47.59141,29.21],[-122.30681,47.59143,28.11],[-122.30681,47.59146,27.87],[-122.30682,47.59151,27.49],[-122.30685,47.59155,26.91],[-122.30687,47.59157,26.55],[-122.30692,47.59164,25.51],[-122.30697,47.59166,25.27],[-122.30704,47.59168,25.1],[-122.30726,47.59198,24.34],[-122.30722,47.59199,24.3],[-122.30719,47.592,24.32],[-122.3077,47.59266,27.79],[-122.30768,47.59269,28.11],[-122.30778,47.59278,28.32],[-122.30777,47.5928,28.48],[-122.3078,47.59281,28.5],[-122.30848,47.59371,30.91],[-122.30878,47.59409,31.84],[-122.309,47.59438,32.22],[-122.30902,47.59441,32.42],[-122.309,47.59442,32.49],[-122.30901,47.59443,32.49],[-122.30907,47.59451,32.56],[-122.30908,47.59453,32.78],[-122.30911,47.59454,32.68],[-122.30918,47.59461,32.39],[-122.30923,47.59467,32.45],[-122.30922,47.5947,32.55],[-122.30983,47.59549,33.31],[-122.30986,47.59551,33.31],[-122.31007,47.59579,33.9],[-122.31007,47.59581,34.1],[-122.3101,47.59581,33.93],[-122.31018,47.59591,33.86],[-122.31018,47.59594,33.98],[-122.31018,47.59594,33.94],[-122.31018,47.59594,34.05],[-122.31023,47.59595,33.91],[-122.31027,47.59595,33.89],[-122.31095,47.59595,32.38],[-122.31141,47.59595,31.71],[-122.31143,47.59596,31.79],[-122.31144,47.59597,31.83],[-122.31149,47.59603,31.97],[-122.31153,47.59602,31.85],[-122.31164,47.59601,32.13],[-122.31178,47.596,31.97],[-122.31181,47.596,32.08],[-122.31181,47.596,32.08],[-122.31183,47.59597,31.94],[-122.31189,47.59595,31.8],[-122.312,47.59595,31.74],[-122.31205,47.59593,31.6],[-122.31217,47.59593,31.55],[-122.31222,47.59595,31.49],[-122.31225,47.59594,31.38],[-122.31243,47.59593,31.32],[-122.31246,47.59595,31.46],[-122.31249,47.59593,31.52],[-122.31252,47.59592,31.5],[-122.31394,47.59593,30.99],[-122.31397,47.59593,31.01],[-122.31581,47.59593,30.55],[-122.31584,47.59594,30.46],[-122.31585,47.59593,30.36],[-122.31604,47.59594,30.4],[-122.31607,47.59594,30.52],[-122.31609,47.59593,30.5],[-122.31634,47.59593,30.41],[-122.31634,47.59593,30.41],[-122.31767,47.59593,29.88],[-122.31788,47.59594,29.74],[-122.31912,47.59594,28.43],[-122.31917,47.59596,28.27],[-122.31918,47.59595,28.17],[-122.31927,47.59595,27.97],[-122.31937,47.59595,27.76],[-122.31938,47.59595,27.88],[-122.3194,47.59595,27.82],[-122.31947,47.59594,27.66],[-122.32121,47.59593,23.56],[-122.32126,47.59594,23.41],[-122.32141,47.59595,23.17],[-122.32149,47.59594,23.03],[-122.32166,47.59594,22.47],[-122.32235,47.59594,21.15],[-122.32236,47.59596,21.17],[-122.3224,47.59593,20.97],[-122.32253,47.59595,20.73],[-122.32259,47.59596,20.77],[-122.32259,47.59595,20.75],[-122.32261,47.59595,20.65],[-122.32366,47.59595,18.03],[-122.32368,47.59594,17.97],[-122.32387,47.59595,17.42],[-122.32496,47.59595,15.05],[-122.32497,47.59596,15.06],[-122.32501,47.59595,14.98],[-122.32515,47.59595,14.89],[-122.32518,47.59596,15.01],[-122.32519,47.59595,15.01],[-122.3255,47.59595,14.7],[-122.32551,47.59594,14.66],[-122.32626,47.59595,14.14],[-122.32627,47.59595,14.11],[-122.3263,47.59595,14.01],[-122.32648,47.59595,13.91],[-122.3265,47.59596,14.05],[-122.32652,47.59595,14.01],[-122.32745,47.59595,13.4],[-122.32752,47.59595,13.3],[-122.32756,47.59597,13.31],[-122.32759,47.59599,13.21],[-122.32758,47.59668,13.32],[-122.32761,47.59668,13.22],[-122.32778,47.59668,13.46],[-122.3278,47.59668,13.58],[-122.3278,47.59745,13.85],[-122.32782,47.59746,13.87],[-122.32781,47.59796,14.12],[-122.32781,47.59838,14.31]]}
    },
    {
        "type": "Feature",
        "properties": {
            "distance_mi": 0.65,
            "ascent_ft": 34.71,
            "descent_ft": 9.35,
            "start_exchange": 154,
            "end_exchange": 1253,
            "notes": "Fair sidewalks, mostly by parking lots for industrial businesses.",
            "start_name": "Stadium",
            "end_name": "International District/Chinatown",
            "attributes": [],
            "time": "2024-09-18T00:00:00Z",
            "sequence": [
                12
            ],
            "lines": [
                "lrr_1line"
            ],
            "id": 27
        }, "geometry":{"type":"LineString","coordinates":[[-122.32705,47.59205,6.6],[-122.32702,47.59232,6.1],[-122.32702,47.5924,6.03],[-122.32702,47.59247,5.99],[-122.32702,47.5925,6.13],[-122.32702,47.59251,6.17],[-122.3262,47.59248,6.31],[-122.32618,47.59249,6.33],[-122.32615,47.59251,6.27],[-122.32595,47.59251,6.23],[-122.32579,47.59252,6.32],[-122.32426,47.59248,7.01],[-122.32421,47.59251,7.05],[-122.3242,47.59257,6.9],[-122.32457,47.59309,8.06],[-122.32475,47.59335,8.94],[-122.32486,47.59354,9.87],[-122.32523,47.59409,12.59],[-122.32544,47.59442,13.84],[-122.32561,47.59457,13.86],[-122.3256,47.59458,13.8],[-122.32562,47.59459,13.82],[-122.32582,47.5947,13.64],[-122.32586,47.59471,13.56],[-122.32586,47.59472,13.52],[-122.32598,47.59478,13.5],[-122.3261,47.59484,13.48],[-122.32615,47.59484,13.56],[-122.32616,47.59486,13.6],[-122.32619,47.59488,13.56],[-122.32625,47.59491,13.55],[-122.32645,47.59501,13.46],[-122.32652,47.59504,13.47],[-122.32675,47.59515,13.48],[-122.32735,47.59546,13.43],[-122.3277,47.59564,13.54],[-122.32771,47.59566,13.42],[-122.32792,47.59576,12.71],[-122.32794,47.59577,13.49],[-122.328,47.59581,13.56],[-122.32798,47.59583,13.42],[-122.32797,47.59587,13.48],[-122.32793,47.59598,13.63],[-122.32792,47.59603,13.53],[-122.32791,47.59605,13.64],[-122.3279,47.59607,13.62],[-122.32791,47.59609,13.38],[-122.32789,47.59614,13.35],[-122.32788,47.59618,13.39],[-122.32788,47.59621,13.51],[-122.32782,47.59625,13.54],[-122.32781,47.59627,13.58],[-122.3278,47.59664,13.62],[-122.3278,47.59668,13.58],[-122.3278,47.59741,13.82],[-122.3278,47.59744,13.83],[-122.3278,47.59745,13.85],[-122.32782,47.59746,13.87],[-122.32782,47.59763,14.04],[-122.32782,47.59781,14.05],[-122.32781,47.59787,14.08],[-122.32781,47.59796,14.12],[-122.32781,47.59824,14.24],[-122.32781,47.59838,14.31],[-122.32782,47.59838,14.33]]}
    },
    {
        "type": "Feature",
        "properties": {
            "distance_mi": 0.37,
            "ascent_ft": 32.09,
            "descent_ft": 24.34,
            "start_exchange": 1253,
            "end_exchange": 1252,
            "notes": "Urban core environment with frequent crosswalks. Large sidewalks. Pioneer Square exchange is within the station, just past fare zone, due to variable street conditions above.",
            "start_name": "International District/Chinatown",
            "end_name": "Pioneer Square",
            "attributes": [],
            "time": "2024-09-18T00:00:00Z",
            "sequence": [
                13,
                12
            ],
            "lines": [
                "lrr_1line",
                "lrr_2line"
            ],
            "id": 28
        }, "geometry":{"type":"LineString","coordinates":[[-122.32781,47.59839,14.31],[-122.32781,47.59844,14.35],[-122.32781,47.599,14.74],[-122.32781,47.59904,14.72],[-122.32782,47.59907,14.68],[-122.32784,47.59908,14.66],[-122.32791,47.5991,14.52],[-122.3282,47.5991,13.82],[-122.32883,47.5991,12.37],[-122.32884,47.5991,12.37],[-122.32887,47.59912,12.15],[-122.32902,47.59913,12.2],[-122.32914,47.59913,12.04],[-122.32917,47.59913,12.06],[-122.32916,47.59918,12.11],[-122.32916,47.5992,12.11],[-122.32916,47.59922,12.11],[-122.32915,47.5993,12.0],[-122.32917,47.59931,12.12],[-122.32914,47.59995,12.14],[-122.32915,47.59996,13.34],[-122.32913,47.59997,13.76],[-122.32913,47.59999,13.8],[-122.32912,47.60004,14.02],[-122.32912,47.60006,14.04],[-122.32911,47.60011,13.91],[-122.32913,47.60012,13.97],[-122.32912,47.60014,14.01],[-122.32912,47.60075,16.12],[-122.32913,47.60077,16.18],[-122.32916,47.60079,16.22],[-122.32918,47.6008,16.24],[-122.32923,47.60081,16.16],[-122.32923,47.60082,16.08],[-122.32924,47.60088,16.24],[-122.32925,47.60094,16.52],[-122.32926,47.60096,16.72],[-122.32927,47.60098,16.86],[-122.32957,47.6013,18.51],[-122.32962,47.60133,18.63],[-122.33011,47.60155,19.71],[-122.33017,47.60157,19.57],[-122.33017,47.60159,19.61],[-122.33022,47.60159,19.45],[-122.33028,47.6016,19.31],[-122.33037,47.60161,19.2],[-122.33039,47.60161,19.28],[-122.33039,47.60164,19.24],[-122.33039,47.60165,19.18],[-122.33063,47.60165,18.54],[-122.33063,47.60166,18.48],[-122.33066,47.60172,18.58],[-122.33068,47.60176,18.71],[-122.33069,47.60178,18.71],[-122.3307,47.60179,18.69],[-122.3307,47.60181,18.77],[-122.33071,47.60182,18.89],[-122.33073,47.60183,19.07],[-122.33074,47.60181,18.79],[-122.33077,47.6018,18.59],[-122.33081,47.60179,18.31],[-122.33115,47.60179,16.37],[-122.33118,47.60179,16.17],[-122.33123,47.60185,16.27],[-122.33119,47.60187,16.67]]}
    },
    {
        "type": "Feature",
        "properties": {
            "distance_mi": 0.52,
            "ascent_ft": 60.43,
            "descent_ft": 17.98,
            "start_exchange": 1252,
            "end_exchange": 1251,
            "notes": "Dense urban environment with frequent crosswalks. Mainly through retail corridors.",
            "start_name": "Pioneer Square",
            "end_name": "Symphony",
            "attributes": [],
            "time": "2024-09-18T00:00:00Z",
            "sequence": [
                14,
                13
            ],
            "lines": [
                "lrr_1line",
                "lrr_2line"
            ],
            "id": 29
        }, "geometry":{"type":"LineString","coordinates":[[-122.3312,47.60187,16.67],[-122.33123,47.60185,16.27],[-122.33129,47.60191,16.26],[-122.33134,47.60188,15.67],[-122.33141,47.60185,15.11],[-122.33141,47.60179,14.86],[-122.33191,47.6018,12.22],[-122.33208,47.60198,12.37],[-122.33236,47.6023,12.79],[-122.33238,47.60232,12.77],[-122.33241,47.60236,12.83],[-122.33245,47.6024,12.73],[-122.33246,47.60242,12.73],[-122.33301,47.60301,15.58],[-122.333,47.60302,15.68],[-122.33302,47.60304,15.72],[-122.33306,47.60308,15.83],[-122.3331,47.60313,15.82],[-122.33311,47.60314,15.92],[-122.33313,47.60314,15.94],[-122.33335,47.60339,17.22],[-122.33364,47.6037,19.06],[-122.33365,47.60372,19.18],[-122.33364,47.60373,19.2],[-122.33365,47.60375,19.18],[-122.33368,47.60378,19.28],[-122.33375,47.60384,19.25],[-122.33376,47.60386,19.37],[-122.33429,47.60443,22.74],[-122.33429,47.60444,22.81],[-122.3343,47.60446,22.79],[-122.33435,47.60451,22.89],[-122.33439,47.60456,22.83],[-122.3344,47.60457,22.91],[-122.33442,47.60457,22.93],[-122.33446,47.60462,23.0],[-122.3348,47.605,23.73],[-122.33494,47.60515,24.1],[-122.33495,47.60516,24.14],[-122.33496,47.60518,24.1],[-122.335,47.60521,24.16],[-122.33505,47.60527,24.02],[-122.33506,47.60529,24.16],[-122.33509,47.60531,24.23],[-122.33559,47.60585,25.39],[-122.33561,47.60587,25.37],[-122.33562,47.60588,25.33],[-122.33566,47.60593,25.47],[-122.33571,47.60598,25.31],[-122.33573,47.606,25.36],[-122.33607,47.60636,26.12],[-122.33625,47.60657,26.57],[-122.33626,47.60658,26.53],[-122.33627,47.6066,26.47],[-122.33631,47.60664,26.62],[-122.33636,47.6067,26.52],[-122.33637,47.60671,26.58],[-122.33639,47.60673,26.64],[-122.33691,47.60729,27.52],[-122.33693,47.60731,27.44],[-122.33697,47.60735,27.55],[-122.33702,47.60741,27.48],[-122.33703,47.60742,27.56],[-122.33691,47.60747,28.75],[-122.33695,47.60751,29.49],[-122.33695,47.60756,29.47],[-122.33693,47.60759,29.49],[-122.33693,47.6076,29.61]]}
    },
    {
        "type": "Feature",
        "properties": {
            "distance_mi": 0.44,
            "ascent_ft": 46.52,
            "descent_ft": 23.03,
            "start_exchange": 1251,
            "end_exchange": 1250,
            "notes": "Pike Place Market is a great half-way spot for coffee! The route gets close enough on Pike that you'll be able to spot the iconic sign for a team photo. Note weekend mornings at the market are crowded. Expect another 10 minutes if you detour and run through.",
            "start_name": "Symphony",
            "end_name": "Westlake",
            "attributes": [],
            "time": "2025-07-18T00:00:00Z",
            "sequence": [
                15,
                14
            ],
            "lines": [
                "lrr_1line",
                "lrr_2line"
            ],
            "id": 30
        }, "geometry":{"type":"LineString","coordinates":[[-122.33693,47.60759,29.49],[-122.33695,47.60756,29.47],[-122.33695,47.60751,29.49],[-122.33736,47.60781,29.4],[-122.33738,47.6078,29.38],[-122.33768,47.60813,31.04],[-122.33782,47.60828,31.79],[-122.3378,47.60829,31.82],[-122.33782,47.60831,31.77],[-122.33786,47.60835,31.97],[-122.33791,47.60839,31.85],[-122.33793,47.60841,31.96],[-122.33795,47.60841,31.94],[-122.33874,47.60927,36.98],[-122.33873,47.60928,37.08],[-122.33868,47.6093,37.12],[-122.3387,47.60933,37.1],[-122.33874,47.60938,37.18],[-122.33877,47.60941,37.12],[-122.33879,47.60943,37.26],[-122.33881,47.60942,37.3],[-122.33884,47.60942,37.32],[-122.33886,47.60943,37.36],[-122.33888,47.60945,37.45],[-122.33905,47.60963,38.65],[-122.33943,47.61005,41.26],[-122.33964,47.61027,42.51],[-122.33962,47.61028,42.47],[-122.33965,47.61031,42.61],[-122.33968,47.61035,42.73],[-122.33972,47.61038,42.88],[-122.33974,47.61041,43.02],[-122.33933,47.61058,42.14],[-122.33893,47.61075,41.44],[-122.33891,47.61076,41.42],[-122.33892,47.61078,41.46],[-122.33889,47.61079,41.32],[-122.3388,47.61083,41.32],[-122.33873,47.61087,41.03],[-122.33869,47.61088,41.15],[-122.33863,47.61087,40.97],[-122.33836,47.61099,40.11],[-122.33786,47.6112,38.58],[-122.33782,47.61121,38.52],[-122.33781,47.61124,38.51],[-122.33781,47.61126,38.49],[-122.33778,47.61127,38.37],[-122.33777,47.61128,38.3],[-122.33772,47.6113,38.25],[-122.33764,47.61134,38.04],[-122.33757,47.61137,38.09],[-122.33753,47.61134,37.98],[-122.33732,47.61143,37.41],[-122.33712,47.61151,37.09],[-122.33693,47.61159,36.89],[-122.33677,47.61166,36.82],[-122.33673,47.61168,36.82],[-122.33669,47.61171,36.79],[-122.33667,47.61174,36.74],[-122.33674,47.61181,36.65]]}
    },
    {
        "type": "Feature",
        "properties": {
            "lat": 47.60927,
            "lon": -122.33899,
            "elevation": 37.13,
            "name": "Iconic View",
            "description": "Public Market Center sign makes for a great team photo.",
            "symbol": "Sight",
            "leg_start_exchange": 1251,
            "leg_end_exchange": 1250,
            "leg_sequence": [
                15,
                14
            ],
            "feature_type": "poi",
            "time": "2025-07-18T00:00:00Z",
            "lines": [
                "lrr_1line",
                "lrr_2line"
            ],
            "id": 31
        }, "geometry":{"type":"Point","coordinates":[-122.33899,47.60927]}
    },
    {
        "type": "Feature",
        "properties": {
            "distance_mi": 1.12,
            "ascent_ft": 236.68,
            "descent_ft": 26.74,
            "start_exchange": 1250,
            "end_exchange": 1249,
            "notes": "Good sidewalks throughout. Steep climb.",
            "start_name": "Westlake",
            "end_name": "Capitol Hill",
            "attributes": [],
            "time": "2025-08-26T00:00:00Z",
            "sequence": [
                16,
                15
            ],
            "lines": [
                "lrr_1line",
                "lrr_2line"
            ],
            "id": 32
        }, "geometry":{"type":"LineString","coordinates":[[-122.33668,47.61174,36.76],[-122.33666,47.61175,36.66],[-122.33657,47.61178,36.59],[-122.33654,47.61179,36.52],[-122.33651,47.61181,36.62],[-122.33647,47.61179,36.7],[-122.33641,47.61181,36.7],[-122.33589,47.61203,36.98],[-122.33556,47.61216,37.18],[-122.33553,47.61216,37.1],[-122.33546,47.61221,37.0],[-122.33541,47.61225,36.94],[-122.33539,47.61225,37.1],[-122.33537,47.61224,37.18],[-122.33534,47.61225,37.36],[-122.33445,47.61262,40.02],[-122.33445,47.61264,40.1],[-122.33442,47.61265,40.06],[-122.33439,47.61267,40.0],[-122.33435,47.61268,40.12],[-122.3343,47.6127,40.18],[-122.33426,47.61272,40.46],[-122.33424,47.61272,40.57],[-122.33378,47.61291,42.25],[-122.33336,47.61308,43.82],[-122.33333,47.61311,43.92],[-122.33331,47.61312,43.88],[-122.3333,47.61312,43.86],[-122.33324,47.61314,43.98],[-122.33317,47.61316,44.14],[-122.33315,47.61318,44.36],[-122.33309,47.61319,44.66],[-122.33268,47.61336,46.17],[-122.33225,47.61355,47.47],[-122.33223,47.61357,47.55],[-122.33224,47.61358,47.61],[-122.3322,47.61359,47.54],[-122.33212,47.61362,47.64],[-122.33208,47.61364,47.74],[-122.33207,47.61365,47.8],[-122.33202,47.61364,47.96],[-122.33198,47.61365,48.19],[-122.33054,47.61425,49.61],[-122.33005,47.61445,44.41],[-122.33003,47.61447,44.39],[-122.33,47.61447,44.39],[-122.32988,47.61452,44.39],[-122.32977,47.61457,44.37],[-122.32977,47.61458,44.37],[-122.32972,47.61458,45.63],[-122.32891,47.61492,64.07],[-122.32877,47.61498,64.78],[-122.32868,47.61506,65.28],[-122.32824,47.61524,67.31],[-122.32806,47.61532,67.69],[-122.32804,47.61532,67.73],[-122.32803,47.61532,67.73],[-122.32799,47.61532,67.71],[-122.3279,47.61532,67.95],[-122.32784,47.61532,68.05],[-122.3278,47.61532,68.25],[-122.32696,47.61531,71.96],[-122.32695,47.61532,72.02],[-122.32691,47.61532,72.0],[-122.32681,47.61533,72.2],[-122.32674,47.61534,72.16],[-122.32672,47.61534,72.22],[-122.3267,47.6153,72.43],[-122.32619,47.6153,74.62],[-122.32566,47.6153,76.98],[-122.32565,47.61531,77.04],[-122.32561,47.61531,77.08],[-122.32554,47.61531,77.3],[-122.32548,47.61531,77.44],[-122.32544,47.61531,77.62],[-122.32544,47.61532,77.62],[-122.3246,47.61532,81.15],[-122.32456,47.61531,81.17],[-122.32449,47.61532,81.47],[-122.32442,47.61532,81.55],[-122.32439,47.61532,81.74],[-122.32436,47.61531,81.75],[-122.32354,47.61531,85.16],[-122.32353,47.61533,85.26],[-122.32349,47.61532,85.2],[-122.32343,47.61532,85.24],[-122.32338,47.61533,85.32],[-122.32335,47.61533,85.45],[-122.32333,47.61532,85.47],[-122.32228,47.61532,91.34],[-122.32226,47.61536,91.62],[-122.3222,47.61536,91.56],[-122.32215,47.61535,91.54],[-122.32208,47.61535,91.5],[-122.32205,47.61536,91.68],[-122.32201,47.61533,91.62],[-122.32161,47.61533,93.11],[-122.3216,47.61532,93.09],[-122.32119,47.61533,94.8],[-122.321,47.61534,95.57],[-122.32096,47.61537,95.84],[-122.32093,47.61536,95.71],[-122.32086,47.61536,95.76],[-122.32084,47.61536,95.76],[-122.32081,47.61536,95.8],[-122.32073,47.61536,95.71],[-122.32071,47.61536,95.69],[-122.32069,47.61536,95.79],[-122.32067,47.61534,95.75],[-122.32063,47.61534,95.71],[-122.32013,47.61534,94.32],[-122.32013,47.61545,94.5],[-122.32015,47.61641,96.28],[-122.32015,47.61647,96.37],[-122.32015,47.61671,96.73],[-122.32016,47.61754,98.11],[-122.32017,47.61757,98.13],[-122.32017,47.61758,98.15],[-122.32017,47.61762,98.24],[-122.32017,47.61764,98.3],[-122.32016,47.61765,98.28],[-122.32018,47.61866,100.53],[-122.32019,47.61871,100.46],[-122.32018,47.61873,100.4],[-122.32019,47.61875,100.4],[-122.32019,47.61879,100.46],[-122.32017,47.61881,100.46],[-122.32017,47.61897,100.63],[-122.32018,47.61906,100.75]]}
    },
    {
        "type": "Feature",
        "properties": {
            "distance_mi": 2.86,
            "ascent_ft": 308.1,
            "descent_ft": 571.1,
            "start_exchange": 1249,
            "end_exchange": 1248,
            "notes": "Gentle climb through a residential area. Beware root-heaved sidewalks. Steep descent through the beautiful Interlaken park, followed by a short climb up stairs along 22nd Ave. E. The route goes up the escalators from street level to reach the exchange on the bridge, but note that there is a ramp just to the west and elevators under the exchange point that you can use instead.",
            "start_name": "Capitol Hill",
            "end_name": "University of Washington",
            "attributes": [],
            "time": "2025-08-26T00:00:00Z",
            "sequence": [
                17,
                16
            ],
            "lines": [
                "lrr_1line",
                "lrr_2line"
            ],
            "id": 33
        }, "geometry":{"type":"LineString","coordinates":[[-122.32017,47.61907,100.75],[-122.32017,47.61908,100.77],[-122.3201,47.61912,100.68],[-122.3201,47.61917,100.68],[-122.3201,47.6192,100.68],[-122.32008,47.61921,100.62],[-122.32009,47.61984,101.03],[-122.3201,47.61984,101.08],[-122.32009,47.61984,101.03],[-122.31968,47.61984,99.89],[-122.31965,47.61984,99.84],[-122.31964,47.61985,99.82],[-122.31961,47.61985,99.72],[-122.31954,47.61985,99.7],[-122.31949,47.61986,99.72],[-122.31945,47.61984,99.78],[-122.31945,47.61985,99.8],[-122.31944,47.61985,99.82],[-122.31836,47.61986,102.83],[-122.31835,47.61986,102.85],[-122.31831,47.61986,102.79],[-122.31824,47.61985,102.89],[-122.3182,47.61984,102.81],[-122.31814,47.61985,103.05],[-122.31814,47.61986,103.05],[-122.31813,47.61986,103.05],[-122.31709,47.61987,109.68],[-122.31707,47.61986,109.74],[-122.31705,47.61987,109.68],[-122.31705,47.61994,109.86],[-122.31705,47.62002,109.83],[-122.31706,47.62002,109.83],[-122.31705,47.62004,109.9],[-122.31706,47.62104,110.72],[-122.31705,47.62107,110.62],[-122.31704,47.62111,110.62],[-122.31703,47.62114,110.56],[-122.31703,47.62117,110.64],[-122.31699,47.62117,110.82],[-122.31697,47.62119,110.86],[-122.31691,47.62141,111.65],[-122.31689,47.6215,112.04],[-122.31689,47.62189,113.6],[-122.31689,47.6219,113.54],[-122.3169,47.62191,113.52],[-122.31689,47.62192,113.5],[-122.31689,47.62197,113.56],[-122.31688,47.62201,113.6],[-122.31688,47.62203,113.68],[-122.31687,47.62305,115.35],[-122.31687,47.62306,115.31],[-122.31687,47.62307,115.25],[-122.31687,47.62312,115.36],[-122.31688,47.62317,115.3],[-122.31689,47.62317,115.32],[-122.31688,47.62318,115.42],[-122.31686,47.62321,115.42],[-122.31685,47.62419,118.15],[-122.31686,47.6242,118.14],[-122.31688,47.62421,118.1],[-122.31686,47.62422,118.04],[-122.31685,47.62427,118.1],[-122.31684,47.62433,118.09],[-122.31686,47.62433,118.14],[-122.31685,47.62435,118.19],[-122.31684,47.62506,120.45],[-122.31686,47.62512,120.61],[-122.31692,47.62524,121.02],[-122.31694,47.62532,121.09],[-122.31693,47.62532,121.09],[-122.31693,47.62535,121.16],[-122.31693,47.62538,121.24],[-122.31694,47.62538,121.24],[-122.31692,47.62636,124.47],[-122.31692,47.62641,124.59],[-122.31693,47.62644,124.44],[-122.31692,47.62644,124.38],[-122.3168,47.62645,124.59],[-122.3168,47.62652,124.67],[-122.31681,47.62652,124.67],[-122.3168,47.62651,124.67],[-122.3168,47.62696,125.51],[-122.31679,47.62741,126.47],[-122.31679,47.62786,127.51],[-122.31678,47.62831,128.5],[-122.31678,47.62861,128.91],[-122.31653,47.62866,129.97],[-122.31638,47.6287,130.74],[-122.3162,47.62876,131.92],[-122.31581,47.62892,134.33],[-122.31569,47.62896,135.09],[-122.31558,47.62898,135.64],[-122.31546,47.629,136.31],[-122.31528,47.62903,137.33],[-122.31509,47.62903,138.0],[-122.31509,47.62906,137.98],[-122.31507,47.62913,138.11],[-122.315,47.62923,138.15],[-122.31494,47.62927,138.23],[-122.31487,47.62931,138.22],[-122.31482,47.62933,138.25],[-122.31471,47.62936,138.28],[-122.31469,47.62938,138.33],[-122.31464,47.62936,138.29],[-122.31457,47.62936,138.43],[-122.31448,47.62936,138.28],[-122.31445,47.62937,138.33],[-122.31441,47.62938,138.34],[-122.31422,47.62941,138.07],[-122.31411,47.62942,137.82],[-122.314,47.62942,137.46],[-122.31381,47.6294,136.39],[-122.31362,47.62944,134.44],[-122.31349,47.62947,133.23],[-122.31335,47.62953,132.14],[-122.31323,47.62959,131.14],[-122.31311,47.62966,130.23],[-122.31303,47.62974,129.54],[-122.31296,47.62982,128.84],[-122.31291,47.62991,128.47],[-122.31287,47.63,128.16],[-122.31286,47.63005,128.04],[-122.31285,47.6301,127.93],[-122.31284,47.63051,127.17],[-122.31286,47.63067,126.93],[-122.3129,47.63083,126.69],[-122.31301,47.63114,126.47],[-122.31294,47.63136,125.9],[-122.3129,47.63161,124.76],[-122.31286,47.63172,124.27],[-122.31281,47.63179,123.75],[-122.31275,47.632,122.7],[-122.31266,47.63207,121.91],[-122.31261,47.63211,121.34],[-122.31249,47.63216,121.1],[-122.31241,47.6322,120.9],[-122.3124,47.63221,120.92],[-122.3124,47.63223,120.86],[-122.31239,47.63226,120.72],[-122.31239,47.63233,120.6],[-122.31239,47.63239,120.5],[-122.31239,47.6324,120.52],[-122.31201,47.63241,120.06],[-122.31199,47.6324,120.0],[-122.31193,47.6324,119.91],[-122.31189,47.6324,119.77],[-122.31187,47.6324,119.79],[-122.31133,47.6324,113.24],[-122.31129,47.6324,113.14],[-122.31123,47.6324,113.16],[-122.31117,47.6324,113.02],[-122.31112,47.6324,113.04],[-122.31111,47.6324,113.0],[-122.31061,47.6324,109.53],[-122.31055,47.6324,109.06],[-122.31053,47.6324,108.98],[-122.31001,47.63239,105.56],[-122.31001,47.6324,105.56],[-122.30997,47.63239,105.32],[-122.3099,47.63239,105.36],[-122.30986,47.63239,105.3],[-122.30984,47.6324,105.36],[-122.30983,47.63239,105.38],[-122.30936,47.63239,103.25],[-122.30915,47.63239,102.29],[-122.3087,47.63239,100.44],[-122.30865,47.63239,100.24],[-122.30864,47.63239,100.15],[-122.30857,47.63239,99.95],[-122.30853,47.63238,99.83],[-122.30851,47.63238,99.81],[-122.30847,47.63238,99.77],[-122.30754,47.63238,96.0],[-122.30752,47.63236,95.92],[-122.30751,47.63237,95.84],[-122.30745,47.63244,95.38],[-122.30739,47.63251,95.02],[-122.30739,47.63252,95.06],[-122.30737,47.63252,95.04],[-122.30733,47.63258,94.18],[-122.30733,47.63262,93.92],[-122.30733,47.63265,93.73],[-122.30737,47.6327,93.33],[-122.30742,47.63274,92.36],[-122.30754,47.63279,90.39],[-122.30759,47.63282,89.28],[-122.30762,47.63286,87.25],[-122.30761,47.6329,86.37],[-122.30759,47.63293,85.65],[-122.30755,47.633,83.57],[-122.30761,47.63313,81.42],[-122.30762,47.6332,81.03],[-122.30758,47.63335,80.26],[-122.30756,47.63346,80.12],[-122.30751,47.63366,80.5],[-122.30739,47.63381,79.09],[-122.30731,47.63394,77.32],[-122.30729,47.634,77.52],[-122.30728,47.63404,77.53],[-122.30728,47.63419,77.46],[-122.30727,47.63427,76.35],[-122.30725,47.63436,75.18],[-122.3072,47.63443,76.36],[-122.3071,47.63452,76.91],[-122.30704,47.63459,75.49],[-122.30689,47.63479,72.01],[-122.30684,47.63485,71.13],[-122.30679,47.63489,70.06],[-122.30672,47.63493,68.68],[-122.30667,47.63496,67.73],[-122.30659,47.63504,66.35],[-122.30654,47.63507,65.93],[-122.30651,47.63509,65.73],[-122.30643,47.6352,64.65],[-122.30641,47.63525,64.0],[-122.3064,47.63531,62.85],[-122.30639,47.63536,62.09],[-122.30632,47.63545,59.91],[-122.30625,47.63567,54.73],[-122.30625,47.63573,53.37],[-122.30622,47.63578,51.47],[-122.30617,47.63585,49.26],[-122.30607,47.63585,48.77],[-122.30602,47.63587,48.4],[-122.30594,47.63597,44.08],[-122.30603,47.63598,43.98],[-122.30606,47.63602,43.76],[-122.30617,47.63605,43.13],[-122.3064,47.63611,39.67],[-122.30645,47.63616,37.75],[-122.30646,47.6362,35.89],[-122.30644,47.63625,34.87],[-122.3064,47.63629,34.05],[-122.30632,47.63631,33.22],[-122.30626,47.63633,32.22],[-122.30613,47.63634,31.58],[-122.30608,47.63636,30.96],[-122.30604,47.63638,30.59],[-122.30598,47.63643,29.51],[-122.30599,47.63644,29.23],[-122.30604,47.63646,29.02],[-122.30605,47.63647,28.8],[-122.30604,47.63648,28.54],[-122.30601,47.63648,28.17],[-122.30599,47.63647,28.53],[-122.30596,47.63648,27.73],[-122.30595,47.63649,27.23],[-122.30593,47.63651,26.95],[-122.30594,47.63652,26.93],[-122.30588,47.63651,26.85],[-122.30543,47.63696,25.44],[-122.30535,47.63704,25.38],[-122.30528,47.6371,25.24],[-122.30507,47.6373,24.93],[-122.30487,47.63749,24.67],[-122.30484,47.63752,24.64],[-122.30478,47.63749,24.72],[-122.30475,47.63752,24.7],[-122.30474,47.63753,24.79],[-122.30481,47.63757,24.72],[-122.30447,47.6379,41.28],[-122.30442,47.63791,41.23],[-122.30439,47.63792,41.31],[-122.30408,47.63822,44.42],[-122.30404,47.63825,44.71],[-122.30402,47.63826,44.75],[-122.304,47.63826,44.79],[-122.30395,47.63831,44.76],[-122.30391,47.63834,44.74],[-122.30388,47.63835,44.82],[-122.30387,47.63931,39.75],[-122.30387,47.63936,39.33],[-122.30381,47.6394,38.99],[-122.30377,47.63941,38.89],[-122.30373,47.63941,38.83],[-122.30373,47.63943,38.77],[-122.30369,47.63947,38.72],[-122.30365,47.6395,38.51],[-122.30369,47.63954,38.54],[-122.30373,47.63958,38.44],[-122.30373,47.63961,38.57],[-122.30372,47.64021,35.11],[-122.30371,47.64021,35.07],[-122.30373,47.64023,34.93],[-122.30373,47.64027,34.84],[-122.30373,47.64031,34.66],[-122.3037,47.64034,34.78],[-122.30372,47.64035,34.76],[-122.30372,47.64038,34.62],[-122.30372,47.64092,31.0],[-122.30371,47.64093,30.92],[-122.30371,47.64096,30.64],[-122.30371,47.641,30.49],[-122.30371,47.64104,30.33],[-122.30371,47.64106,30.51],[-122.30371,47.64107,30.53],[-122.30371,47.64151,27.29],[-122.30371,47.64166,26.25],[-122.30371,47.64167,26.21],[-122.30371,47.64169,26.0],[-122.30371,47.64173,25.96],[-122.3037,47.64177,25.81],[-122.3037,47.64179,25.97],[-122.30371,47.6418,26.01],[-122.30371,47.6424,23.84],[-122.30371,47.64241,23.77],[-122.30371,47.64246,23.63],[-122.3037,47.6425,23.52],[-122.3037,47.64252,23.6],[-122.3037,47.64307,18.53],[-122.3037,47.6431,18.27],[-122.30369,47.6431,18.27],[-122.30365,47.64311,18.17],[-122.30318,47.64311,17.36],[-122.3032,47.64312,17.29],[-122.30325,47.64315,17.33],[-122.3033,47.64318,17.42],[-122.30333,47.6432,17.53],[-122.30332,47.64321,17.51],[-122.30326,47.64325,17.39],[-122.3032,47.6433,17.36],[-122.30316,47.64333,17.24],[-122.30314,47.64334,17.32],[-122.30365,47.64369,17.82],[-122.30365,47.6437,17.81],[-122.30363,47.64372,17.75],[-122.30366,47.64376,17.69],[-122.30368,47.64379,15.94],[-122.30371,47.64383,13.57],[-122.30376,47.64386,13.65],[-122.30381,47.6439,17.97],[-122.30383,47.64394,17.94],[-122.30386,47.64399,17.97],[-122.30388,47.64403,17.97],[-122.30389,47.64412,16.26],[-122.30393,47.64425,11.78],[-122.304,47.6444,11.81],[-122.30416,47.64463,18.9],[-122.30421,47.6447,19.2],[-122.30422,47.64476,19.34],[-122.30424,47.64481,19.48],[-122.30425,47.64485,19.64],[-122.30429,47.64507,20.21],[-122.30434,47.64513,20.39],[-122.30436,47.64525,20.68],[-122.30436,47.64544,21.1],[-122.30434,47.64547,21.14],[-122.30436,47.6455,21.04],[-122.30436,47.64556,21.12],[-122.30436,47.64562,21.14],[-122.30433,47.64565,21.27],[-122.30435,47.64567,21.39],[-122.30436,47.64569,21.43],[-122.30436,47.64629,22.35],[-122.30435,47.64631,22.41],[-122.30435,47.64633,22.43],[-122.30435,47.64637,22.36],[-122.30435,47.6464,22.5],[-122.30435,47.64646,22.45],[-122.30435,47.64648,22.51],[-122.30436,47.64661,22.82],[-122.30438,47.64664,22.84],[-122.30441,47.64667,22.91],[-122.30444,47.6467,22.96],[-122.3045,47.64676,23.17],[-122.30452,47.6468,23.19],[-122.30452,47.64686,20.17],[-122.30452,47.6469,17.46],[-122.30452,47.64701,10.77],[-122.30452,47.64758,11.22],[-122.30452,47.64769,17.45],[-122.30452,47.64772,19.35],[-122.30452,47.64778,23.24],[-122.30448,47.64781,23.3],[-122.30448,47.64787,23.26],[-122.30448,47.64791,23.23],[-122.30439,47.64808,23.19],[-122.30438,47.6489,22.41],[-122.30438,47.64896,22.25],[-122.30438,47.64902,22.23],[-122.30438,47.6491,22.28],[-122.30438,47.64914,22.15],[-122.30439,47.64917,22.05],[-122.30439,47.64919,22.03],[-122.30432,47.64925,21.92],[-122.30403,47.64945,21.14],[-122.30394,47.64952,20.89],[-122.30385,47.64957,20.74],[-122.30387,47.65002,20.53],[-122.30387,47.65006,20.59]]}
    },
    {
        "type": "Feature",
        "properties": {
            "distance_mi": 1.04,
            "ascent_ft": 176.15,
            "descent_ft": 64.76,
            "start_exchange": 1248,
            "end_exchange": 1247,
            "notes": "Soak in Rainier Vista, Red Square, and the tree-lined Memorial Way. Good sidewalks throughout. Fair climb. There are stairs leading up to Red Square, though a ramp is available.",
            "start_name": "University of Washington",
            "end_name": "U District",
            "attributes": [],
            "time": "2025-08-27T00:00:00Z",
            "sequence": [
                18,
                17
            ],
            "lines": [
                "lrr_1line",
                "lrr_2line"
            ],
            "id": 34
        }, "geometry":{"type":"LineString","coordinates":[[-122.30387,47.65007,20.59],[-122.30387,47.65019,20.71],[-122.3039,47.65029,20.75],[-122.30395,47.65037,20.67],[-122.30403,47.65045,20.51],[-122.30413,47.65051,20.41],[-122.30422,47.65051,20.52],[-122.30429,47.65053,20.46],[-122.30436,47.65055,20.52],[-122.30443,47.65056,21.03],[-122.30446,47.65057,21.61],[-122.30451,47.65058,22.61],[-122.30461,47.65058,23.88],[-122.30466,47.65057,24.4],[-122.30516,47.65042,25.67],[-122.30519,47.65041,25.69],[-122.3052,47.65042,25.69],[-122.30528,47.6505,25.71],[-122.30539,47.65057,24.86],[-122.30559,47.65061,18.58],[-122.30565,47.6507,20.11],[-122.3056,47.65079,25.63],[-122.30557,47.65091,25.73],[-122.30559,47.65098,25.73],[-122.30565,47.65107,25.75],[-122.3057,47.65115,25.74],[-122.30612,47.65176,27.5],[-122.30642,47.6522,29.34],[-122.30642,47.65222,29.36],[-122.30644,47.65225,29.36],[-122.30647,47.65228,29.34],[-122.30648,47.65229,29.4],[-122.30647,47.65229,29.4],[-122.30647,47.6523,29.46],[-122.30702,47.65312,34.08],[-122.30712,47.65327,34.9],[-122.30718,47.65335,35.86],[-122.3073,47.65353,37.06],[-122.3074,47.65368,37.21],[-122.30736,47.65376,37.22],[-122.30735,47.65381,37.22],[-122.30737,47.6539,37.23],[-122.30739,47.65394,37.23],[-122.30747,47.65401,37.23],[-122.30751,47.65404,37.25],[-122.30762,47.65409,37.22],[-122.30769,47.6541,37.22],[-122.30781,47.65411,37.22],[-122.30794,47.65409,37.24],[-122.308,47.65407,37.23],[-122.30806,47.65417,37.73],[-122.30821,47.65441,39.46],[-122.30853,47.65488,42.47],[-122.30868,47.6551,43.49],[-122.30879,47.65526,44.22],[-122.30887,47.65538,44.92],[-122.30888,47.65541,45.0],[-122.30891,47.65544,45.84],[-122.30892,47.65546,46.16],[-122.30892,47.6559,47.71],[-122.30867,47.65631,48.97],[-122.30854,47.65653,50.59],[-122.30869,47.65675,51.89],[-122.30885,47.65686,52.27],[-122.30889,47.65689,52.31],[-122.30902,47.65696,52.6],[-122.30906,47.65697,52.66],[-122.30938,47.65719,53.71],[-122.30946,47.65723,54.0],[-122.30948,47.65723,53.88],[-122.30948,47.65729,54.19],[-122.30948,47.65732,54.49],[-122.30949,47.65735,54.66],[-122.30959,47.65743,55.11],[-122.30961,47.65745,55.12],[-122.30961,47.65761,56.08],[-122.30961,47.65809,58.58],[-122.30958,47.65856,60.57],[-122.30957,47.65895,62.34],[-122.30956,47.65929,63.85],[-122.30952,47.65964,65.46],[-122.30947,47.65969,65.74],[-122.30949,47.65971,65.7],[-122.30953,47.6597,65.62],[-122.30966,47.6597,65.66],[-122.30983,47.6597,65.38],[-122.30985,47.65969,65.4],[-122.31006,47.65973,65.03],[-122.31015,47.65975,65.06],[-122.31019,47.65978,65.16],[-122.31022,47.65981,65.3],[-122.31053,47.65981,63.93],[-122.31085,47.65981,62.26],[-122.31098,47.65981,61.52],[-122.31114,47.65982,60.65],[-122.31144,47.65982,59.09],[-122.31171,47.65982,58.33],[-122.31184,47.65982,58.05],[-122.31186,47.65983,57.97],[-122.31188,47.65984,58.03],[-122.31199,47.65985,57.96],[-122.3121,47.65986,57.94],[-122.31214,47.65986,57.94],[-122.31226,47.65986,57.52],[-122.31233,47.65986,57.18],[-122.3126,47.65986,56.09],[-122.31307,47.65986,54.22],[-122.3131,47.65986,54.22],[-122.31318,47.65986,54.26],[-122.31324,47.65986,54.15],[-122.31327,47.65987,54.17],[-122.31329,47.65987,54.17],[-122.31373,47.65987,54.28],[-122.31405,47.65988,54.37],[-122.3142,47.65988,54.54]]}
    },
    {
        "type": "Feature",
        "properties": {
            "distance_mi": 1.38,
            "ascent_ft": 119.69,
            "descent_ft": 71.1,
            "start_exchange": 1247,
            "end_exchange": 1246,
            "notes": "Expect crosswalk slowdown before reaching Roosevelt Way NE. Semidense with lowrise apartments and townhomes. Sidewalks are good along Roosevelt Way.",
            "start_name": "U District",
            "end_name": "Roosevelt",
            "attributes": [
                "strollerTraversible"
            ],
            "time": "2024-09-18T00:00:00Z",
            "sequence": [
                19,
                18
            ],
            "lines": [
                "lrr_1line",
                "lrr_2line"
            ],
            "id": 35
        }, "geometry":{"type":"LineString","coordinates":[[-122.31422,47.65988,54.52],[-122.31423,47.65988,54.52],[-122.31427,47.65988,54.52],[-122.31434,47.65988,54.54],[-122.31443,47.65988,54.49],[-122.31446,47.65988,54.51],[-122.31446,47.65999,55.14],[-122.31445,47.66045,57.18],[-122.31445,47.66049,57.42],[-122.31444,47.6609,59.28],[-122.31443,47.66113,60.45],[-122.31442,47.66119,60.55],[-122.31442,47.66121,60.45],[-122.31441,47.66129,60.79],[-122.31441,47.66135,60.84],[-122.31441,47.66137,61.06],[-122.31473,47.66137,59.23],[-122.31489,47.66137,58.23],[-122.31503,47.66137,57.44],[-122.3151,47.66137,57.06],[-122.31533,47.66137,55.7],[-122.31534,47.66138,55.66],[-122.31536,47.66138,55.58],[-122.31545,47.66138,55.49],[-122.31554,47.66139,55.34],[-122.31555,47.66139,55.34],[-122.31557,47.66137,55.24],[-122.31602,47.66137,54.39],[-122.31622,47.66137,54.0],[-122.31644,47.66137,53.65],[-122.31646,47.66138,53.71],[-122.31648,47.6614,53.8],[-122.3165,47.66139,53.66],[-122.31658,47.6614,53.74],[-122.31667,47.6614,53.7],[-122.31669,47.6614,53.78],[-122.3167,47.66139,53.82],[-122.31672,47.66138,53.78],[-122.31693,47.66138,54.19],[-122.31737,47.66139,55.71],[-122.31737,47.66141,55.81],[-122.31734,47.66157,56.48],[-122.31734,47.66224,59.22],[-122.31734,47.6623,59.52],[-122.31733,47.66256,60.62],[-122.31733,47.66304,62.55],[-122.31733,47.66306,62.53],[-122.31733,47.66311,62.6],[-122.31733,47.66319,62.74],[-122.31732,47.6632,62.82],[-122.31733,47.66321,62.86],[-122.31733,47.66358,63.57],[-122.31732,47.66445,64.99],[-122.31732,47.66486,65.8],[-122.31732,47.66489,65.71],[-122.31732,47.66493,65.77],[-122.31732,47.66499,65.77],[-122.31731,47.66502,65.85],[-122.31731,47.66513,66.02],[-122.3173,47.66575,66.55],[-122.3173,47.66609,66.36],[-122.3173,47.66638,66.06],[-122.3173,47.6664,65.95],[-122.31729,47.66644,65.91],[-122.31729,47.66648,65.92],[-122.31726,47.66651,65.98],[-122.31729,47.66653,66.0],[-122.31728,47.66719,62.8],[-122.31727,47.66851,61.8],[-122.31727,47.66854,61.69],[-122.31727,47.66858,61.67],[-122.31727,47.66862,61.62],[-122.31727,47.66866,61.74],[-122.31728,47.66937,61.49],[-122.31728,47.66938,61.47],[-122.31728,47.66941,61.46],[-122.31728,47.66947,61.38],[-122.31728,47.6695,61.43],[-122.31727,47.66999,60.41],[-122.31727,47.67068,58.85],[-122.31727,47.67083,58.54],[-122.31727,47.67144,56.24],[-122.31727,47.67148,56.16],[-122.31727,47.67159,55.68],[-122.31728,47.67189,54.54],[-122.31726,47.6719,54.58],[-122.31728,47.67191,54.44],[-122.31727,47.67197,54.28],[-122.31726,47.67206,54.13],[-122.31726,47.67207,54.16],[-122.31727,47.67209,54.14],[-122.31727,47.67212,54.08],[-122.31726,47.67213,53.98],[-122.31725,47.67216,53.78],[-122.31726,47.67224,53.64],[-122.31727,47.67228,53.46],[-122.31727,47.6723,53.51],[-122.31727,47.67231,53.51],[-122.31726,47.67234,53.51],[-122.31727,47.67238,53.66],[-122.31727,47.67242,53.78],[-122.31727,47.67266,54.25],[-122.31728,47.67266,54.25],[-122.31725,47.67271,54.33],[-122.31722,47.67277,54.43],[-122.3172,47.67278,54.63],[-122.31725,47.67282,54.59],[-122.31727,47.67288,54.72],[-122.31727,47.67325,56.04],[-122.31726,47.67327,56.08],[-122.31727,47.67328,56.0],[-122.31727,47.67331,56.04],[-122.31727,47.67335,56.16],[-122.31727,47.67338,56.21],[-122.31725,47.67339,56.29],[-122.31726,47.67341,56.35],[-122.31727,47.67341,56.35],[-122.31727,47.67348,56.57],[-122.31727,47.6735,56.59],[-122.31727,47.67354,56.74],[-122.31727,47.6738,57.54],[-122.31727,47.67381,57.56],[-122.31727,47.67385,57.72],[-122.31727,47.67409,58.41],[-122.31728,47.67409,58.37],[-122.31728,47.67416,58.54],[-122.31728,47.67423,58.65],[-122.31727,47.67424,58.73],[-122.31727,47.67491,60.72],[-122.31727,47.67493,60.72],[-122.31727,47.67494,60.66],[-122.31727,47.67499,60.74],[-122.31726,47.67502,60.81],[-122.31726,47.67504,60.95],[-122.31728,47.67505,60.97],[-122.31728,47.67506,60.99],[-122.31728,47.67573,63.23],[-122.31727,47.67574,63.22],[-122.31727,47.67576,63.12],[-122.31727,47.67583,63.24],[-122.31727,47.6759,63.43],[-122.31727,47.67592,63.59],[-122.31579,47.67592,66.18],[-122.31578,47.67592,66.2],[-122.31577,47.67593,66.28],[-122.31577,47.67601,66.69],[-122.31582,47.67637,68.7],[-122.31582,47.67649,69.32],[-122.31582,47.6765,69.36],[-122.3159,47.6765,69.33]]}
    },
    {
        "type": "Feature",
        "properties": {
            "distance_mi": 2.24,
            "ascent_ft": 229.53,
            "descent_ft": 202.43,
            "start_exchange": 1246,
            "end_exchange": 1245,
            "notes": "Largely residential with nice trees. Beware root-heaved sidewalks with significant leaf cover. Mind the climb.",
            "start_name": "Roosevelt",
            "end_name": "Northgate",
            "attributes": [],
            "time": "2024-09-18T00:00:00Z",
            "sequence": [
                20,
                19
            ],
            "lines": [
                "lrr_1line",
                "lrr_2line"
            ],
            "id": 36
        }, "geometry":{"type":"LineString","coordinates":[[-122.31589,47.6765,69.33],[-122.31582,47.6765,69.36],[-122.31582,47.67656,69.44],[-122.31582,47.67658,69.58],[-122.31582,47.67663,69.93],[-122.31582,47.67667,70.03],[-122.31582,47.67668,70.09],[-122.31595,47.67668,69.7],[-122.31601,47.67668,69.6],[-122.31607,47.67668,69.52],[-122.31607,47.67665,69.44],[-122.31629,47.67665,69.03],[-122.31633,47.67665,68.89],[-122.31637,47.67665,68.81],[-122.31691,47.67665,67.76],[-122.31727,47.67665,67.13],[-122.31727,47.67666,67.15],[-122.31731,47.67666,67.03],[-122.31736,47.67666,67.0],[-122.3174,47.67665,66.96],[-122.31743,47.67665,66.88],[-122.31745,47.67665,66.83],[-122.31747,47.67665,66.79],[-122.3175,47.67665,66.91],[-122.31752,47.67663,66.69],[-122.31754,47.67663,66.55],[-122.31787,47.67663,65.15],[-122.31788,47.67663,65.08],[-122.31792,47.67663,64.86],[-122.31798,47.67663,64.58],[-122.31994,47.67665,56.0],[-122.31997,47.67665,55.94],[-122.32003,47.67672,55.99],[-122.32003,47.67676,55.99],[-122.32007,47.67676,55.81],[-122.32013,47.67682,55.83],[-122.3202,47.6769,55.74],[-122.32023,47.67694,55.69],[-122.32023,47.67695,55.75],[-122.32026,47.67697,55.77],[-122.32123,47.67802,55.19],[-122.32149,47.6783,55.28],[-122.32187,47.6787,55.86],[-122.32187,47.67871,55.88],[-122.32188,47.67872,55.84],[-122.32195,47.67878,56.01],[-122.32199,47.67883,56.03],[-122.32202,47.67886,56.18],[-122.32216,47.67901,56.33],[-122.32218,47.67903,56.37],[-122.3222,47.67906,56.39],[-122.32255,47.67943,56.98],[-122.32257,47.67943,56.88],[-122.32265,47.6795,57.05],[-122.32272,47.67957,57.0],[-122.32272,47.6796,57.34],[-122.32276,47.6796,57.14],[-122.32277,47.68008,59.66],[-122.32275,47.68012,59.97],[-122.32277,47.68013,59.83],[-122.32277,47.6802,60.36],[-122.32277,47.68029,60.73],[-122.32276,47.6803,60.89],[-122.32277,47.68032,60.84],[-122.32277,47.68079,63.48],[-122.32278,47.68081,63.57],[-122.32277,47.68083,63.65],[-122.32278,47.68084,63.51],[-122.32278,47.68091,63.83],[-122.32278,47.68097,63.99],[-122.32278,47.68098,64.09],[-122.32279,47.68152,66.01],[-122.32277,47.68154,66.1],[-122.32279,47.68155,66.04],[-122.32279,47.68161,66.3],[-122.32279,47.68166,66.42],[-122.32278,47.68167,66.46],[-122.32279,47.68168,66.48],[-122.32279,47.68197,67.57],[-122.32279,47.68198,67.59],[-122.32279,47.68203,67.75],[-122.32279,47.68209,67.97],[-122.32279,47.6821,68.03],[-122.3228,47.68268,70.11],[-122.3228,47.6827,70.15],[-122.32281,47.68274,70.27],[-122.32281,47.68278,70.36],[-122.32282,47.68351,76.66],[-122.32283,47.68456,86.56],[-122.32283,47.68476,88.47],[-122.32283,47.68478,88.57],[-122.3228,47.68479,88.97],[-122.32281,47.6848,88.93],[-122.32282,47.68483,89.01],[-122.32283,47.68485,89.25],[-122.32283,47.68489,89.53],[-122.32283,47.68496,89.67],[-122.32284,47.68509,90.15],[-122.32282,47.6851,90.33],[-122.32284,47.68512,90.51],[-122.32284,47.68514,90.54],[-122.32285,47.68514,90.52],[-122.32291,47.68518,90.72],[-122.32303,47.68527,91.19],[-122.32304,47.68528,91.26],[-122.32305,47.68529,91.32],[-122.32307,47.68531,91.52],[-122.3231,47.68534,91.64],[-122.32311,47.68534,91.64],[-122.32383,47.68593,95.6],[-122.32419,47.6862,97.02],[-122.32419,47.68674,99.52],[-122.32421,47.68674,99.44],[-122.32422,47.68674,99.34],[-122.32423,47.68674,99.26],[-122.32425,47.6868,99.38],[-122.32426,47.68686,99.32],[-122.32426,47.68688,99.44],[-122.32425,47.68746,103.98],[-122.32428,47.68746,103.82],[-122.32434,47.68746,103.86],[-122.32439,47.68746,103.82],[-122.32441,47.68746,103.96],[-122.32523,47.68747,103.02],[-122.32558,47.68748,101.2],[-122.32558,47.6875,101.2],[-122.32564,47.68751,101.15],[-122.32569,47.68753,101.2],[-122.3257,47.68754,101.22],[-122.32573,47.68756,101.28],[-122.32575,47.68762,101.32],[-122.32577,47.68762,101.34],[-122.32579,47.68763,101.42],[-122.32579,47.68814,102.56],[-122.32579,47.6882,102.72],[-122.32579,47.68834,103.1],[-122.32579,47.68854,103.98],[-122.32634,47.68855,100.45],[-122.32692,47.68856,96.27],[-122.32701,47.68856,96.3],[-122.32704,47.68858,96.3],[-122.32707,47.68859,96.38],[-122.32709,47.6886,96.36],[-122.32712,47.68865,96.4],[-122.32712,47.68869,96.55],[-122.32713,47.68895,98.76],[-122.32713,47.68908,100.15],[-122.32715,47.69029,103.84],[-122.32715,47.69036,103.9],[-122.32715,47.6904,103.78],[-122.32715,47.69043,103.83],[-122.32715,47.69047,103.81],[-122.32715,47.6905,103.95],[-122.32717,47.69238,104.04],[-122.32718,47.6931,107.8],[-122.32718,47.69324,108.13],[-122.32719,47.69404,109.4],[-122.32717,47.69404,109.44],[-122.32717,47.69408,109.44],[-122.32716,47.69413,109.48],[-122.32826,47.69414,98.32],[-122.32832,47.69414,98.02],[-122.32832,47.69445,98.44],[-122.32833,47.69494,98.79],[-122.32833,47.69496,98.73],[-122.32833,47.695,98.73],[-122.32833,47.69504,98.72],[-122.32833,47.69506,98.9],[-122.32834,47.69524,99.33],[-122.32834,47.69526,99.35],[-122.32834,47.69527,99.37],[-122.32834,47.69541,99.54],[-122.32834,47.69542,99.54],[-122.32834,47.69544,99.52],[-122.32834,47.69574,99.41],[-122.32834,47.69577,99.42],[-122.32834,47.6958,99.42],[-122.32834,47.69584,99.43],[-122.32836,47.69584,99.35],[-122.32836,47.69591,99.39],[-122.32836,47.69596,99.21],[-122.32835,47.69598,99.23],[-122.32837,47.69599,99.13],[-122.32838,47.69601,99.03],[-122.32838,47.69679,94.47],[-122.32838,47.6968,94.43],[-122.32836,47.69682,94.35],[-122.32836,47.69683,94.31],[-122.32837,47.69685,94.15],[-122.32837,47.69689,93.91],[-122.32839,47.69692,93.65],[-122.32839,47.69712,92.06],[-122.32839,47.6973,90.58],[-122.32839,47.69738,90.03],[-122.32839,47.69765,87.99],[-122.32837,47.69767,87.67],[-122.32837,47.69768,87.61],[-122.32837,47.69773,87.52],[-122.32837,47.69778,87.27],[-122.32837,47.69779,87.29],[-122.3284,47.69782,87.23],[-122.32839,47.69803,86.12],[-122.32836,47.69819,85.37],[-122.32837,47.69836,84.59],[-122.32837,47.69839,84.45],[-122.32837,47.69841,84.37],[-122.32837,47.69845,84.13],[-122.32837,47.69847,84.03],[-122.32837,47.69861,83.5],[-122.32837,47.69862,83.44],[-122.32837,47.69864,83.3],[-122.32837,47.69871,83.14],[-122.32837,47.69873,83.02],[-122.32837,47.69878,82.86],[-122.32837,47.69887,82.33],[-122.32837,47.69891,82.09],[-122.32837,47.69894,81.93],[-122.32839,47.70011,77.74],[-122.3284,47.70072,77.17],[-122.32836,47.70077,77.13],[-122.32837,47.70092,77.1],[-122.32837,47.70127,76.82],[-122.32836,47.70129,76.71],[-122.32837,47.7013,76.71],[-122.32835,47.70137,76.78],[-122.32833,47.70145,76.77],[-122.32833,47.70146,76.83],[-122.32835,47.70148,76.83],[-122.32836,47.7015,76.89],[-122.32836,47.70173,77.19],[-122.32837,47.70194,77.35],[-122.32819,47.70203,77.41],[-122.32817,47.70222,77.59],[-122.32815,47.70222,77.59]]}
    },
    {
        "type": "Feature",
        "properties": {
            "distance_mi": 1.71,
            "ascent_ft": 173.43,
            "descent_ft": 34.78,
            "start_exchange": 1245,
            "end_exchange": 1244,
            "notes": "A couple long crosswalk waits. Slips by Kraken Iceplex before turning into mild rolling sidewalks.",
            "start_name": "Northgate",
            "end_name": "Pinehurst",
            "attributes": [],
            "time": "2024-09-18T00:00:00Z",
            "sequence": [
                21,
                20
            ],
            "lines": [
                "lrr_1line",
                "lrr_2line"
            ],
            "id": 37
        }, "geometry":{"type":"LineString","coordinates":[[-122.32813,47.70222,77.63],[-122.32814,47.70222,77.63],[-122.32817,47.70222,77.59],[-122.32821,47.70225,77.6],[-122.32829,47.70249,77.59],[-122.32829,47.70258,77.72],[-122.32829,47.70269,77.71],[-122.32839,47.70269,77.58],[-122.3284,47.70279,77.54],[-122.3284,47.703,77.79],[-122.32839,47.70302,77.79],[-122.32841,47.70303,77.72],[-122.32841,47.70318,78.01],[-122.32841,47.70327,78.18],[-122.3284,47.70328,78.2],[-122.32837,47.70327,78.33],[-122.32821,47.70327,78.76],[-122.32809,47.70327,79.35],[-122.3281,47.7033,79.52],[-122.32819,47.70332,79.59],[-122.32819,47.70336,80.15],[-122.32819,47.70337,80.17],[-122.32819,47.70365,80.68],[-122.32818,47.70369,80.72],[-122.32813,47.70397,84.13],[-122.32813,47.70399,85.59],[-122.328,47.704,85.83],[-122.32787,47.70405,86.38],[-122.32786,47.70405,86.4],[-122.32779,47.70406,86.58],[-122.32782,47.7047,86.78],[-122.32777,47.7047,86.96],[-122.32717,47.70471,90.82],[-122.32707,47.70474,91.32],[-122.32704,47.70481,91.42],[-122.32698,47.70481,91.53],[-122.32693,47.70481,91.73],[-122.32683,47.70481,91.85],[-122.32664,47.70481,91.95],[-122.32583,47.70504,91.96],[-122.32569,47.70517,91.96],[-122.32568,47.70519,91.98],[-122.32566,47.7052,91.96],[-122.32559,47.70518,91.99],[-122.32545,47.70517,91.99],[-122.32523,47.70518,91.97],[-122.32505,47.70521,91.59],[-122.32502,47.70523,90.91],[-122.32495,47.70535,87.71],[-122.32495,47.70547,87.35],[-122.32491,47.70556,87.35],[-122.32475,47.70556,87.39],[-122.32468,47.70554,87.51],[-122.32454,47.70587,87.46],[-122.32451,47.7061,87.5],[-122.32451,47.70612,87.56],[-122.32456,47.70627,87.13],[-122.32456,47.70628,87.19],[-122.32449,47.7063,87.59],[-122.32445,47.7063,87.45],[-122.32441,47.70631,87.28],[-122.32424,47.70634,87.32],[-122.32403,47.70635,87.6],[-122.32342,47.70637,87.59],[-122.32339,47.7064,87.59],[-122.32341,47.70729,89.4],[-122.32341,47.70732,89.38],[-122.32341,47.70735,89.38],[-122.32341,47.7074,89.38],[-122.32342,47.70744,89.5],[-122.32343,47.70791,89.41],[-122.32343,47.70794,89.37],[-122.32334,47.70795,89.23],[-122.32335,47.70837,88.57],[-122.32335,47.70846,88.5],[-122.32336,47.7086,88.58],[-122.32337,47.70873,88.04],[-122.32339,47.70949,85.71],[-122.3234,47.70958,85.65],[-122.3234,47.70967,85.67],[-122.32339,47.70996,85.96],[-122.32333,47.71029,86.95],[-122.32333,47.71043,87.43],[-122.32333,47.7105,87.71],[-122.32333,47.71054,87.85],[-122.32334,47.71067,88.48],[-122.32334,47.71072,88.66],[-122.32334,47.71092,89.5],[-122.32335,47.71105,90.08],[-122.32335,47.71108,90.18],[-122.32338,47.71205,94.55],[-122.32338,47.71223,95.36],[-122.32338,47.71229,95.68],[-122.32341,47.71311,100.04],[-122.32342,47.71344,101.8],[-122.32343,47.71399,104.71],[-122.32343,47.71403,104.89],[-122.32344,47.7141,105.22],[-122.32345,47.71448,106.85],[-122.32346,47.71488,108.36],[-122.32347,47.71515,109.26],[-122.32349,47.71585,111.09],[-122.3235,47.71591,111.27],[-122.32352,47.71658,113.01],[-122.32353,47.71675,113.49],[-122.32353,47.71691,113.93],[-122.32354,47.71723,114.79],[-122.32355,47.71762,115.79],[-122.32356,47.71769,116.0],[-122.32356,47.71772,116.06],[-122.32356,47.71811,117.14],[-122.32358,47.71874,118.79],[-122.32358,47.71912,119.72],[-122.32358,47.71943,120.23],[-122.32358,47.71948,120.34],[-122.32359,47.71992,120.57],[-122.32359,47.72026,120.5],[-122.3236,47.72048,120.5],[-122.3236,47.72085,120.39],[-122.3236,47.7213,120.34],[-122.32356,47.72168,120.21],[-122.32356,47.72204,120.15],[-122.32356,47.72231,120.1],[-122.32356,47.72264,120.03],[-122.32355,47.72295,120.03],[-122.32355,47.72311,120.13],[-122.32355,47.7232,120.03],[-122.32355,47.72369,119.78],[-122.32355,47.72383,119.89]]}
    },
    {
        "type": "Feature",
        "properties": {
            "distance_mi": 0.86,
            "ascent_ft": 64.27,
            "descent_ft": 132.94,
            "start_exchange": 1244,
            "end_exchange": 1243,
            "notes": "Almost entirely on the surprisingly-secluded Jackson Park Golf Course outer trail.",
            "start_name": "Pinehurst",
            "end_name": "Shoreline South/148th",
            "attributes": [],
            "time": "2024-09-18T00:00:00Z",
            "sequence": [
                22,
                21
            ],
            "lines": [
                "lrr_1line",
                "lrr_2line"
            ],
            "id": 38
        }, "geometry":{"type":"LineString","coordinates":[[-122.32364,47.72384,119.79],[-122.32348,47.72384,119.86],[-122.32347,47.72384,119.86],[-122.32347,47.72391,119.82],[-122.32347,47.72441,119.0],[-122.32347,47.72444,118.86],[-122.32347,47.72448,118.64],[-122.32347,47.72483,116.21],[-122.32347,47.72485,115.97],[-122.32347,47.72487,115.83],[-122.32347,47.72493,115.39],[-122.32344,47.72496,115.14],[-122.32339,47.72556,111.65],[-122.32337,47.72559,111.83],[-122.32334,47.72579,110.82],[-122.32341,47.72581,110.54],[-122.32339,47.72622,108.05],[-122.32341,47.728,90.65],[-122.32338,47.72811,89.91],[-122.32328,47.72903,87.3],[-122.32328,47.72954,85.56],[-122.32327,47.72961,87.29],[-122.32332,47.72968,87.0],[-122.3233,47.72987,86.79],[-122.3232,47.73011,86.61],[-122.32311,47.73046,86.6],[-122.32316,47.73074,87.51],[-122.32315,47.73094,88.43],[-122.32309,47.73142,90.97],[-122.3231,47.73195,93.16],[-122.32306,47.73216,94.35],[-122.32309,47.73228,94.23],[-122.32318,47.73241,93.38],[-122.32328,47.73264,93.72],[-122.32326,47.73281,94.65],[-122.3233,47.73309,95.61],[-122.32332,47.73371,97.73],[-122.3232,47.73379,98.86],[-122.32328,47.73386,98.92],[-122.3233,47.73397,97.44],[-122.3234,47.73396,97.07],[-122.32341,47.73397,96.99],[-122.32341,47.73404,97.09],[-122.32341,47.73414,97.02],[-122.32339,47.73416,97.12],[-122.3234,47.73417,97.24],[-122.3234,47.73418,97.26],[-122.32338,47.73421,97.48],[-122.32338,47.73432,97.75],[-122.32341,47.73549,101.24],[-122.32346,47.73549,101.12],[-122.32351,47.73549,101.04],[-122.32358,47.73549,100.98],[-122.32365,47.73549,100.82],[-122.32369,47.7355,100.48],[-122.32402,47.7355,98.86]]}
    },
    {
        "type": "Feature",
        "properties": {
            "distance_mi": 1.98,
            "ascent_ft": 199.84,
            "descent_ft": 133.83,
            "start_exchange": 1243,
            "end_exchange": 1242,
            "notes": "Rolling hills and fair sidewalks.",
            "start_name": "Shoreline South/148th",
            "end_name": "Shoreline North/185th",
            "attributes": [],
            "time": "2025-08-24T00:00:00Z",
            "sequence": [
                23,
                22
            ],
            "lines": [
                "lrr_1line",
                "lrr_2line"
            ],
            "id": 39
        }, "geometry":{"type":"LineString","coordinates":[[-122.32413,47.73547,98.18],[-122.32397,47.73547,98.62],[-122.32389,47.73546,98.7],[-122.32381,47.73545,99.0],[-122.32376,47.73544,99.23],[-122.32371,47.73541,100.13],[-122.32371,47.73542,100.03],[-122.32372,47.73637,103.42],[-122.32372,47.7364,103.49],[-122.3237,47.73641,103.77],[-122.3237,47.73646,103.75],[-122.32371,47.73653,103.66],[-122.32372,47.73655,103.56],[-122.32369,47.73657,104.09],[-122.32368,47.73659,104.75],[-122.32368,47.7366,104.79],[-122.32369,47.73716,106.14],[-122.32369,47.73723,106.3],[-122.32369,47.7373,106.48],[-122.32371,47.73813,108.56],[-122.32372,47.73821,108.76],[-122.32372,47.73828,109.07],[-122.32374,47.7388,111.14],[-122.32375,47.73899,111.82],[-122.32375,47.73905,112.1],[-122.32376,47.73909,112.24],[-122.32377,47.7398,115.42],[-122.32377,47.73985,115.59],[-122.32377,47.73993,115.92],[-122.32379,47.74047,118.72],[-122.32381,47.74089,120.22],[-122.32382,47.74123,121.16],[-122.32382,47.74131,121.68],[-122.32382,47.74141,122.26],[-122.32382,47.74173,124.59],[-122.32383,47.74181,124.96],[-122.32383,47.74189,125.37],[-122.32385,47.74262,129.19],[-122.32386,47.7427,129.46],[-122.32386,47.74277,129.78],[-122.32387,47.74352,133.36],[-122.32388,47.74359,133.49],[-122.32388,47.74366,133.65],[-122.3239,47.74443,137.74],[-122.32391,47.7445,138.24],[-122.32391,47.74457,138.87],[-122.32394,47.74534,143.15],[-122.32394,47.74541,143.15],[-122.32394,47.74548,143.23],[-122.32394,47.74615,142.83],[-122.32397,47.74619,142.59],[-122.32397,47.74625,142.51],[-122.32397,47.74632,142.29],[-122.32398,47.7473,141.85],[-122.32402,47.74734,141.86],[-122.32402,47.74741,141.9],[-122.32402,47.74747,141.98],[-122.32399,47.74752,142.23],[-122.324,47.74784,142.71],[-122.32403,47.74847,143.87],[-122.32407,47.74851,143.9],[-122.32407,47.7486,144.03],[-122.32407,47.7487,144.02],[-122.32407,47.7493,144.69],[-122.32405,47.74948,145.01],[-122.32407,47.75033,145.75],[-122.32407,47.75041,145.79],[-122.32407,47.75048,145.83],[-122.32411,47.75215,146.23],[-122.32411,47.75222,146.25],[-122.32411,47.75232,146.23],[-122.32416,47.75488,139.41],[-122.32417,47.75494,139.14],[-122.32417,47.75503,138.68],[-122.32418,47.7555,137.09],[-122.32418,47.75571,135.15],[-122.3242,47.75577,134.45],[-122.3242,47.75587,134.0],[-122.32422,47.75598,133.48],[-122.32419,47.75604,133.26],[-122.3242,47.75627,131.33],[-122.32418,47.75665,126.8],[-122.32418,47.75696,123.1],[-122.3242,47.75701,122.54],[-122.3242,47.75706,122.03],[-122.3242,47.75712,121.36],[-122.32418,47.75752,118.13],[-122.32418,47.75762,117.49],[-122.32422,47.75765,117.01],[-122.32422,47.75771,116.83],[-122.32423,47.75775,116.37],[-122.32422,47.75779,116.45],[-122.3242,47.75817,116.65],[-122.3242,47.75833,116.85],[-122.32423,47.75914,118.27],[-122.32425,47.75948,118.74],[-122.32425,47.75949,118.78],[-122.32428,47.75951,118.98],[-122.32428,47.75955,119.14],[-122.32429,47.7596,119.19],[-122.32425,47.75963,119.4],[-122.32426,47.75986,120.81],[-122.32426,47.76022,120.58],[-122.32426,47.76041,120.98],[-122.32427,47.76053,121.26],[-122.3243,47.76057,121.76],[-122.32429,47.76071,121.72],[-122.32429,47.76087,121.55],[-122.32422,47.76107,121.68],[-122.32425,47.76108,121.65],[-122.32422,47.76112,121.76],[-122.32363,47.7618,120.72],[-122.32336,47.76214,117.73],[-122.32316,47.76256,120.82],[-122.32289,47.7629,122.54],[-122.32282,47.76314,123.01],[-122.3228,47.76329,122.98],[-122.3228,47.76332,122.74],[-122.32279,47.76339,118.3]]}
    },
    {
        "type": "Feature",
        "properties": {
            "distance_mi": 2.27,
            "ascent_ft": 257.02,
            "descent_ft": 246.03,
            "start_exchange": 1242,
            "end_exchange": 1241,
            "notes": "NE 188th St is steep and has no sidewalks. The crossing over 15th Ave NE to get back on the sidewalk is unmarked. The remainder is on fair sidewalks.",
            "start_name": "Shoreline North/185th",
            "end_name": "Mountlake Terrace",
            "attributes": [],
            "time": "2026-08-08T00:00:00Z",
            "sequence": [
                24,
                23
            ],
            "lines": [
                "lrr_1line",
                "lrr_2line"
            ],
            "id": 40
        }, "geometry":{"type":"LineString","coordinates":[[-122.32279,47.76339,118.3],[-122.3228,47.76332,122.74],[-122.3228,47.76329,122.98],[-122.32259,47.76329,122.09],[-122.32239,47.76329,121.3],[-122.32207,47.76329,119.88],[-122.32202,47.76333,118.27],[-122.32194,47.76336,117.14],[-122.3219,47.76343,118.06],[-122.3219,47.76352,118.46],[-122.32189,47.76358,118.54],[-122.32195,47.76366,114.63],[-122.32187,47.76403,115.1],[-122.32185,47.76406,115.12],[-122.32181,47.76409,117.45],[-122.32172,47.76412,118.43],[-122.32168,47.76413,118.47],[-122.32167,47.76413,118.91],[-122.32167,47.7644,119.78],[-122.32167,47.76444,119.84],[-122.32167,47.76448,119.88],[-122.32167,47.76457,119.86],[-122.32167,47.76505,120.39],[-122.32168,47.76505,120.39],[-122.32168,47.76578,120.49],[-122.32161,47.76579,120.69],[-122.32152,47.76579,120.67],[-122.32147,47.76579,121.07],[-122.32145,47.76582,121.1],[-122.32147,47.76591,120.91],[-122.32148,47.76593,120.99],[-122.32106,47.76593,122.49],[-122.31916,47.7659,122.52],[-122.31894,47.7659,123.42],[-122.31896,47.76664,124.88],[-122.31896,47.7667,124.86],[-122.31886,47.7667,125.4],[-122.31888,47.76706,126.36],[-122.31884,47.76706,126.42],[-122.31879,47.76705,126.97],[-122.31872,47.76702,127.05],[-122.31849,47.76747,130.14],[-122.31851,47.76754,130.38],[-122.31842,47.76771,131.74],[-122.31832,47.76784,132.63],[-122.31822,47.76786,132.68],[-122.31808,47.76795,133.17],[-122.31808,47.76801,133.59],[-122.3179,47.76807,133.88],[-122.31777,47.76809,133.79],[-122.3177,47.76805,133.49],[-122.3176,47.76806,133.35],[-122.31739,47.76804,132.62],[-122.31729,47.76801,132.1],[-122.31729,47.76801,132.1],[-122.31721,47.76798,131.8],[-122.31713,47.76791,131.19],[-122.31705,47.76791,130.78],[-122.31696,47.76781,129.68],[-122.31686,47.76769,128.69],[-122.31661,47.76732,125.81],[-122.31663,47.76723,125.43],[-122.31636,47.7669,123.42],[-122.31615,47.7667,121.83],[-122.31582,47.76652,119.84],[-122.31575,47.76654,119.16],[-122.31553,47.76646,117.95],[-122.31505,47.76631,115.53],[-122.31472,47.7662,113.78],[-122.31431,47.76609,110.83],[-122.31428,47.76611,110.05],[-122.31422,47.76599,110.04],[-122.31415,47.76589,110.84],[-122.31384,47.76581,111.9],[-122.31391,47.76598,111.13],[-122.31394,47.76601,111.03],[-122.31394,47.76601,111.03],[-122.31394,47.76601,111.03],[-122.31401,47.76609,110.29],[-122.31428,47.76652,106.97],[-122.31437,47.76678,105.45],[-122.3145,47.76806,97.53],[-122.3145,47.76827,95.84],[-122.31449,47.76845,94.72],[-122.31443,47.76871,93.08],[-122.31433,47.76893,91.38],[-122.31417,47.76919,89.73],[-122.31372,47.76968,86.24],[-122.3135,47.77001,84.26],[-122.31344,47.77006,83.51],[-122.31346,47.77012,83.45],[-122.31345,47.77016,83.44],[-122.31337,47.77032,82.33],[-122.31338,47.77036,82.31],[-122.31334,47.77059,81.02],[-122.31341,47.77225,79.02],[-122.31347,47.77335,85.18],[-122.31349,47.77389,87.95],[-122.31346,47.77394,88.15],[-122.31347,47.77419,89.02],[-122.31348,47.77428,89.38],[-122.31351,47.77432,89.54],[-122.31354,47.7751,91.97],[-122.31357,47.776,94.65],[-122.31358,47.77636,95.78],[-122.3136,47.77638,95.94],[-122.31361,47.7766,96.43],[-122.31364,47.777,97.25],[-122.31363,47.77703,97.43],[-122.31359,47.77706,97.57],[-122.3136,47.77707,97.5],[-122.31365,47.77714,97.56],[-122.31364,47.77717,97.64],[-122.31345,47.77737,98.95],[-122.31344,47.77738,98.99],[-122.31345,47.77742,98.95],[-122.31343,47.77746,98.98],[-122.31338,47.77748,99.06],[-122.31315,47.77749,99.3],[-122.31252,47.77749,100.92],[-122.31252,47.7775,100.86],[-122.31252,47.77768,100.77],[-122.31252,47.77768,100.77],[-122.31253,47.77769,100.73],[-122.31254,47.77772,100.64],[-122.31254,47.77785,100.34],[-122.31256,47.77796,100.3],[-122.3126,47.77805,100.26],[-122.31267,47.77813,100.1],[-122.31297,47.77836,99.5],[-122.3132,47.77856,98.95],[-122.31353,47.7789,99.62],[-122.31372,47.77927,100.52],[-122.31393,47.77963,101.14],[-122.31396,47.77967,101.22],[-122.314,47.77975,101.21],[-122.31412,47.7799,101.1],[-122.31418,47.77995,100.77],[-122.31426,47.78002,98.71],[-122.31428,47.78004,100.75],[-122.31434,47.78006,100.77],[-122.31436,47.7801,100.9],[-122.31437,47.78014,101.28],[-122.31436,47.78016,101.44],[-122.31437,47.78017,101.42],[-122.31439,47.78021,101.6],[-122.31441,47.78024,101.71],[-122.31443,47.78025,101.71],[-122.31449,47.78024,101.97],[-122.31454,47.78027,102.35],[-122.3148,47.78052,104.18],[-122.31478,47.78055,104.4],[-122.31486,47.78112,107.06],[-122.31503,47.78147,107.53],[-122.31503,47.78149,107.57],[-122.31501,47.78156,107.91],[-122.31498,47.78161,107.82],[-122.31494,47.7817,108.06],[-122.31493,47.78182,108.16],[-122.31495,47.78205,108.23],[-122.315,47.78241,108.59],[-122.315,47.78246,108.81],[-122.31501,47.78258,108.86],[-122.315,47.78267,108.93],[-122.3149,47.78283,109.07],[-122.31487,47.78291,109.69],[-122.31487,47.78292,109.65],[-122.315,47.78296,109.55],[-122.3151,47.78299,109.68],[-122.31511,47.783,109.7],[-122.31513,47.783,109.74],[-122.3146,47.78377,116.92],[-122.31454,47.78383,117.6],[-122.31452,47.78388,118.03],[-122.31435,47.78404,119.92],[-122.31418,47.78417,121.73],[-122.3141,47.78426,122.86],[-122.31405,47.78435,123.71],[-122.31404,47.78439,123.97],[-122.31403,47.78444,124.29],[-122.31403,47.78468,125.08],[-122.31405,47.7847,124.91],[-122.31406,47.78471,124.83],[-122.31412,47.78473,124.61],[-122.31418,47.78474,124.21],[-122.31473,47.78475,121.91],[-122.31474,47.78475,121.89],[-122.31479,47.78475,121.65]]}
    },
    {
        "type": "Feature",
        "properties": {
            "lat": 47.76477,
            "lon": -122.31396,
            "elevation": 117.99,
            "name": "Dangerous Crossing",
            "comment": "Crossing onto 15th Ave NE has neither markings nor signals, and has limited visibility. Use caution.",
            "description": "Crossing onto 15th Ave NE has neither markings nor signals, and has limited visibility. Use caution.",
            "symbol": "Alert",
            "leg_start_exchange": 1242,
            "leg_end_exchange": 1241,
            "leg_sequence": [
                24,
                23
            ],
            "feature_type": "poi",
            "time": "2026-08-08T00:00:00Z",
            "lines": [
                "lrr_1line",
                "lrr_2line"
            ],
            "id": 41
        }, "geometry":{"type":"Point","coordinates":[-122.31396,47.76477]}
    },
    {
        "type": "Feature",
        "properties": {
            "lat": 47.76499,
            "lon": -122.3187,
            "elevation": 122.36,
            "name": "Shoulder Running",
            "comment": "NE 188th St has no sidewalks and limited visibility due to incline. Use caution.",
            "description": "NE 188th St has no sidewalks and limited visibility due to incline. Use caution.",
            "symbol": "Alert",
            "leg_start_exchange": 1242,
            "leg_end_exchange": 1241,
            "leg_sequence": [
                24,
                23
            ],
            "feature_type": "poi",
            "time": "2026-08-08T00:00:00Z",
            "lines": [
                "lrr_1line",
                "lrr_2line"
            ],
            "id": 42
        }, "geometry":{"type":"Point","coordinates":[-122.3187,47.76499]}
    },
    {
        "type": "Feature",
        "properties": {
            "distance_mi": 3.03,
            "ascent_ft": 209.09,
            "descent_ft": 245.01,
            "start_exchange": 1241,
            "end_exchange": 1240,
            "notes": "Quiet suburbs. Passes several schools and parks. The two blocks along 216th St SW are on a shoulder. Finishes on a paved section of the Interurban Trail.",
            "start_name": "Mountlake Terrace",
            "end_name": "Lynnwood City Center",
            "attributes": [],
            "time": "2025-08-26T00:00:00Z",
            "sequence": [
                25,
                24
            ],
            "lines": [
                "lrr_1line",
                "lrr_2line"
            ],
            "id": 43
        }, "geometry":{"type":"LineString","coordinates":[[-122.31489,47.78475,121.51],[-122.31489,47.78493,121.49],[-122.31485,47.78493,121.54],[-122.31475,47.78493,121.68],[-122.31432,47.78494,123.63],[-122.31419,47.78494,123.97],[-122.31408,47.78494,124.52],[-122.31397,47.78494,125.04],[-122.31393,47.78494,125.26],[-122.31376,47.78494,125.82],[-122.31372,47.78494,125.9],[-122.31289,47.78493,130.38],[-122.31279,47.78493,130.82],[-122.31269,47.78493,131.22],[-122.31265,47.78491,131.38],[-122.31259,47.7849,131.66],[-122.31133,47.78488,132.71],[-122.31129,47.78488,132.76],[-122.31124,47.78489,132.62],[-122.31122,47.78491,132.52],[-122.31121,47.78494,132.52],[-122.31122,47.78536,134.22],[-122.31122,47.78574,136.2],[-122.31122,47.78585,136.48],[-122.31124,47.78651,136.29],[-122.31122,47.78669,136.94],[-122.31123,47.78722,139.33],[-122.31124,47.78758,139.83],[-122.31124,47.78762,139.77],[-122.31125,47.7883,138.54],[-122.31125,47.78835,138.44],[-122.31126,47.78838,138.38],[-122.31126,47.78841,138.22],[-122.31126,47.78845,138.25],[-122.31126,47.78852,138.13],[-122.31127,47.78853,138.25],[-122.31125,47.78868,139.09],[-122.31127,47.79017,146.56],[-122.31129,47.79021,146.72],[-122.31129,47.79027,146.85],[-122.31129,47.79034,146.99],[-122.3113,47.79034,147.01],[-122.31127,47.79039,147.27],[-122.31128,47.79198,150.32],[-122.3113,47.79204,150.37],[-122.3113,47.79209,150.49],[-122.31131,47.79215,150.58],[-122.31129,47.79216,150.72],[-122.3113,47.79298,152.55],[-122.31129,47.79324,152.94],[-122.31131,47.79326,152.94],[-122.31131,47.79331,153.04],[-122.31131,47.79338,153.19],[-122.3113,47.7934,153.22],[-122.31129,47.79367,153.97],[-122.31127,47.79412,155.18],[-122.31128,47.79413,155.24],[-122.31128,47.79419,155.29],[-122.31127,47.79427,155.47],[-122.31126,47.79428,155.55],[-122.31124,47.79489,156.45],[-122.31125,47.79494,156.42],[-122.31124,47.79499,156.48],[-122.31124,47.79506,156.56],[-122.31123,47.79507,156.62],[-122.31121,47.79563,157.96],[-122.31121,47.79568,157.88],[-122.31121,47.79573,157.96],[-122.31121,47.7958,158.11],[-122.31119,47.79581,158.13],[-122.31117,47.79618,158.74],[-122.31118,47.79621,158.73],[-122.31119,47.79623,158.65],[-122.3112,47.79628,158.62],[-122.3112,47.79633,158.64],[-122.31119,47.79635,158.71],[-122.31118,47.79636,158.75],[-122.31123,47.79704,158.48],[-122.31124,47.79705,158.46],[-122.31125,47.79711,158.42],[-122.31127,47.79716,158.45],[-122.31124,47.79717,158.39],[-122.31124,47.79718,158.39],[-122.31127,47.7976,158.1],[-122.31129,47.79834,159.38],[-122.31132,47.79893,157.29],[-122.31134,47.79896,156.96],[-122.31134,47.79901,156.69],[-122.31135,47.79905,156.63],[-122.31133,47.79907,156.59],[-122.31132,47.79939,154.89],[-122.31133,47.79941,154.81],[-122.31134,47.79943,154.55],[-122.31124,47.79943,154.74],[-122.31114,47.79943,154.88],[-122.31113,47.79944,154.87],[-122.31111,47.7995,154.79],[-122.31109,47.79959,154.81],[-122.3111,47.79966,154.21],[-122.31103,47.79997,152.79],[-122.31094,47.80034,151.92],[-122.31091,47.80053,151.31],[-122.31083,47.8008,150.72],[-122.31069,47.80138,148.92],[-122.31067,47.8015,148.59],[-122.31064,47.80158,148.23],[-122.31063,47.80163,148.08],[-122.31061,47.80174,148.03],[-122.31059,47.80181,147.81],[-122.31058,47.80188,147.49],[-122.31056,47.80196,147.12],[-122.31054,47.80203,146.96],[-122.31052,47.80214,146.29],[-122.31049,47.80224,145.92],[-122.31046,47.80226,145.83],[-122.31043,47.80229,145.71],[-122.31043,47.80233,145.42],[-122.31047,47.80239,144.73],[-122.31033,47.80237,144.63],[-122.3102,47.80237,144.42],[-122.3101,47.80239,144.36],[-122.3099,47.80245,144.29],[-122.30991,47.80251,144.15],[-122.30982,47.80253,144.2],[-122.30971,47.80254,144.34],[-122.3097,47.80254,144.34],[-122.30969,47.80254,144.36],[-122.30902,47.80254,145.55],[-122.30862,47.80254,146.07],[-122.3086,47.80293,144.12],[-122.30793,47.80292,140.79],[-122.30726,47.80292,140.81],[-122.30659,47.80291,142.95],[-122.30592,47.8029,142.62],[-122.30525,47.80289,143.05],[-122.30458,47.80289,143.85],[-122.30415,47.80288,142.59],[-122.30348,47.80286,140.27],[-122.30335,47.80296,139.72],[-122.30331,47.80297,139.66],[-122.30327,47.80298,139.38],[-122.30326,47.803,139.28],[-122.30326,47.80318,138.68],[-122.30326,47.80419,131.98],[-122.30327,47.80468,126.09],[-122.30327,47.8051,122.0],[-122.30329,47.80512,121.76],[-122.30328,47.80513,121.66],[-122.30328,47.80518,121.11],[-122.30328,47.80523,120.71],[-122.30327,47.80555,117.94],[-122.30329,47.80626,113.22],[-122.30329,47.80639,113.53],[-122.30331,47.80643,113.45],[-122.30337,47.80647,113.22],[-122.30338,47.80653,113.39],[-122.3034,47.80662,113.38],[-122.30338,47.80663,113.48],[-122.30336,47.80665,113.68],[-122.30334,47.80669,113.98],[-122.30333,47.80719,112.63],[-122.30331,47.80743,111.06],[-122.30331,47.80883,107.43],[-122.30331,47.80915,108.91],[-122.3033,47.80947,109.98],[-122.3033,47.81002,110.53],[-122.30333,47.81008,110.62],[-122.30333,47.81016,110.58],[-122.30333,47.81025,110.67],[-122.3033,47.81028,110.7],[-122.30329,47.81033,110.72],[-122.30329,47.81076,111.33],[-122.30317,47.8108,111.31],[-122.3029,47.8109,111.16],[-122.29798,47.81254,106.53],[-122.2978,47.81258,106.25],[-122.29762,47.81263,106.14],[-122.2951,47.81349,105.3],[-122.29463,47.81363,105.44],[-122.29449,47.81368,101.18],[-122.29415,47.81381,105.23],[-122.29412,47.81387,104.91],[-122.29409,47.81404,103.98],[-122.29408,47.81409,103.61],[-122.29408,47.81411,103.51],[-122.29413,47.81431,103.28],[-122.29413,47.81442,103.59],[-122.29413,47.81446,103.4],[-122.29409,47.81452,103.32],[-122.29386,47.81467,104.04],[-122.29351,47.81487,105.09],[-122.29342,47.81494,105.4],[-122.29334,47.81502,105.75],[-122.29328,47.81515,106.08],[-122.29321,47.81563,107.48],[-122.29323,47.81567,107.63],[-122.29324,47.81569,107.67],[-122.29328,47.81574,107.73],[-122.29342,47.81584,108.79],[-122.29374,47.81608,109.83],[-122.29425,47.81579,109.62],[-122.29429,47.81576,109.48],[-122.29457,47.81598,110.56]]}
    },
    {
        "type": "Feature",
        "properties": {
            "name": "Stadium",
            "landmark": "SODO Trail, view of T-Mobile Park",
            "image_url": "/img/lrr25/stadium.avif",
            "id": 154,
            "stationInfo": "https://www.soundtransit.org/ride-with-us/stops-stations/stadium-station",
            "stopCodeNorth": "40_99260",
            "stopCodeSouth": "40_99101"
        }, "geometry":{"type":"Point","coordinates":[-122.32706,47.59205]}
    },
    {
        "type": "Feature",
        "properties": {
            "name": "SODO",
            "landmark": "\"Made in USA\" arch sculpture",
            "image_url": "/img/lrr25/sodo.avif",
            "id": 155,
            "stationInfo": "https://www.soundtransit.org/ride-with-us/stops-stations/sodo-station",
            "stopCodeNorth": "40_99256",
            "stopCodeSouth": "40_99111"
        }, "geometry":{"type":"Point","coordinates":[-122.32731,47.58013]}
    },
    {
        "type": "Feature",
        "properties": {
            "name": "Beacon Hill",
            "landmark": "\"Common Threads-Community Patterns\" poles sculpture",
            "image_url": "/img/lrr25/beacon_hill.avif",
            "id": 156,
            "stationInfo": "https://www.soundtransit.org/ride-with-us/stops-stations/beacon-hill-station",
            "stopCodeNorth": "40_99240",
            "stopCodeSouth": "40_99121"
        }, "geometry":{"type":"Point","coordinates":[-122.312033,47.57933]}
    },
    {
        "type": "Feature",
        "properties": {
            "name": "Mount Baker",
            "landmark": "\"Sky Within\" sculpture hanging under platform",
            "image_url": "/img/lrr25/mount_baker.avif",
            "id": 157,
            "stationInfo": "https://www.soundtransit.org/ride-with-us/stops-stations/mount-baker-station",
            "stopCodeNorth": "40_55860",
            "stopCodeSouth": "40_55949"
        }, "geometry":{"type":"Point","coordinates":[-122.29772,47.57667]}
    },
    {
        "type": "Feature",
        "properties": {
            "name": "Columbia City",
            "landmark": "\"Garden Windows/Pride\" red-brick lion sculpture",
            "image_url": "/img/lrr25/columbia_city.avif",
            "id": 158,
            "stationInfo": "https://www.soundtransit.org/ride-with-us/stops-stations/columbia-city-station",
            "stopCodeNorth": "40_55778",
            "stopCodeSouth": "40_56039"
        }, "geometry":{"type":"Point","coordinates":[-122.291762,47.558755]}
    },
    {
        "type": "Feature",
        "properties": {
            "name": "Othello",
            "image_url": "/img/lrr25/othello.avif",
            "id": 160,
            "stationInfo": "https://www.soundtransit.org/ride-with-us/stops-stations/othello-station",
            "landmark": "\"Rainier Valley Haiku\" graduation cap and shoe sculpture",
            "stopCodeNorth": "40_55656",
            "stopCodeSouth": "40_56159"
        }, "geometry":{"type":"Point","coordinates":[-122.28191,47.539279]}
    },
    {
        "type": "Feature",
        "properties": {
            "name": "Rainier Beach",
            "landmark": "\"Parable\" iron pears sculpture",
            "image_url": "/img/lrr25/rainier_beach.avif",
            "id": 161,
            "stationInfo": "https://www.soundtransit.org/ride-with-us/stops-stations/rainier-beach-station",
            "stopCodeNorth": "40_55578",
            "stopCodeSouth": "40_56173"
        }, "geometry":{"type":"Point","coordinates":[-122.27876,47.52363]}
    },
    {
        "type": "Feature",
        "properties": {
            "name": "Tukwila International Blvd",
            "landmark": "\"Soundings\" banjo-esque sculpture",
            "image_url": "/img/lrr25/tukwila.avif",
            "id": 163,
            "stationInfo": "https://www.soundtransit.org/ride-with-us/stops-stations/tukwila-international-boulevard-station",
            "stopCodeNorth": "40_99905",
            "stopCodeSouth": "40_99900"
        }, "geometry":{"type":"Point","coordinates":[-122.28798,47.46421]}
    },
    {
        "type": "Feature",
        "properties": {
            "name": "SeaTac/Airport",
            "landmark": "\"Celestial Navigations\" sextant sculpture",
            "image_url": "/img/lrr25/seatac.avif",
            "id": 164,
            "stationInfo": "https://www.soundtransit.org/ride-with-us/stops-stations/seatac-airport-station",
            "stopCodeNorth": "40_99903",
            "stopCodeSouth": "40_99904"
        }, "geometry":{"type":"Point","coordinates":[-122.29599,47.44562]}
    },
    {
        "type": "Feature",
        "properties": {
            "name": "Angle Lake",
            "landmark": "Corner by Chevron, view of \"Cloud\" sculpture hanging on platform",
            "image_url": "/img/lrr25/angle_lake.avif",
            "id": 165,
            "stationInfo": "https://www.soundtransit.org/ride-with-us/stops-stations/angle-lake-station",
            "stopCodeNorth": "40_99913",
            "stopCodeSouth": "40_99914"
        }, "geometry":{"type":"Point","coordinates":[-122.297469,47.422814]}
    },
    {
        "type": "Feature",
        "properties": {
            "name": "Kent/Des Moines",
            "landmark": "\"Inheritance\" steel house sculpture",
            "id": 166,
            "image_url": "/img/lrr26/kent_des_moines.jpeg",
            "stationInfo": "https://www.soundtransit.org/ride-with-us/stops-stations/kent-des-moines-station",
            "stopCodeNorth": "40_S03-T1",
            "stopCodeSouth": "40_S03-T2"
        }, "geometry":{"type":"Point","coordinates":[-122.293955,47.38966]}
    },
    {
        "type": "Feature",
        "properties": {
            "name": "Star Lake",
            "landmark": "\"Pollination\" light mural",
            "id": 167,
            "image_url": "/img/lrr26/star_lake.jpeg",
            "stationInfo": "https://www.soundtransit.org/ride-with-us/stops-stations/star-lake-station",
            "stopCodeNorth": "40_S05-T1",
            "stopCodeSouth": "40_S05-T2"
        }, "geometry":{"type":"Point","coordinates":[-122.297705,47.35896]}
    },
    {
        "type": "Feature",
        "properties": {
            "name": "Federal Way Downtown",
            "short_name": "Fed Way",
            "landmark": "\"Leafy Wader\" giant lamp sculpture",
            "id": 168,
            "stationInfo": "https://www.soundtransit.org/ride-with-us/stops-stations/federal-way-downtown-station",
            "stopCodeNorth": "40_S07-T1",
            "stopCodeSouth": "40_S07-T2"
        }, "geometry":{"type":"Point","coordinates":[-122.30381,47.31628]}
    },
    {
        "type": "Feature",
        "properties": {
            "name": "Judkins Park Station",
            "landmark": "\"Crosstown Traffic\" perforated metal photomural",
            "id": 254,
            "stationInfo": "https://www.soundtransit.org/ride-with-us/stops-stations/judkins-park-station",
            "stopCodeNorth": "40_E01-T1",
            "stopCodeSouth": "40_E01-T2"
        }, "geometry":{"type":"Point","coordinates":[-122.30231,47.59032]}
    },
    {
        "type": "Feature",
        "properties": {
            "name": "Mercer Island",
            "landmark": "Overlook of giant Mercer Island Station sign",
            "id": 255,
            "stationInfo": "https://www.soundtransit.org/ride-with-us/stops-stations/mercer-island-station",
            "stopCodeNorth": "40_E07-T1",
            "stopCodeSouth": "40_E07-T2"
        }, "geometry":{"type":"Point","coordinates":[-122.234649,47.588349]}
    },
    {
        "type": "Feature",
        "properties": {
            "name": "South Bellevue",
            "landmark": "Bus Bay 3, overlooking station",
            "id": 256,
            "stationInfo": "https://www.soundtransit.org/ride-with-us/stops-stations/south-bellevue-station",
            "stopCodeNorth": "40_E09-T2",
            "stopCodeSouth": "40_E09-T1"
        }, "geometry":{"type":"Point","coordinates":[-122.191205,47.587067]}
    },
    {
        "type": "Feature",
        "properties": {
            "name": "East Main",
            "landmark": "Entrance A, hanging metal chain over basin",
            "id": 257,
            "stationInfo": "https://www.soundtransit.org/ride-with-us/stops-stations/east-main-station",
            "stopCodeNorth": "40_E11-T2",
            "stopCodeSouth": "40_E11-T1"
        }, "geometry":{"type":"Point","coordinates":[-122.19098,47.60865]}
    },
    {
        "type": "Feature",
        "properties": {
            "name": "Bellevue Downtown",
            "landmark": "\"Cyclorama\" hanging circular lightbox",
            "id": 258,
            "stationInfo": "https://www.soundtransit.org/ride-with-us/stops-stations/bellevue-downtown-station",
            "stopCodeNorth": "40_E15-T2",
            "stopCodeSouth": "40_E15-T1"
        }, "geometry":{"type":"Point","coordinates":[-122.191222,47.615236]}
    },
    {
        "type": "Feature",
        "properties": {
            "name": "Wilburton",
            "landmark": "\"Four Corners\" giant mast sculpture",
            "id": 259,
            "stationInfo": "https://www.soundtransit.org/ride-with-us/stops-stations/wilburton-station",
            "stopCodeNorth": "40_E19-T2",
            "stopCodeSouth": "40_E19-T1"
        }, "geometry":{"type":"Point","coordinates":[-122.18371,47.617426]}
    },
    {
        "type": "Feature",
        "properties": {
            "name": "Spring District",
            "landmark": "Plaza in front of station",
            "id": 260,
            "stationInfo": "https://www.soundtransit.org/ride-with-us/stops-stations/spring-district-station",
            "stopCodeNorth": "40_E21-T2",
            "stopCodeSouth": "40_E21-T1"
        }, "geometry":{"type":"Point","coordinates":[-122.17852,47.62346]}
    },
    {
        "type": "Feature",
        "properties": {
            "name": "BelRed",
            "landmark": "Corner of 130th Ave NE and NE Spring, view of station entrances",
            "id": 261,
            "stationInfo": "https://www.soundtransit.org/ride-with-us/stops-stations/belred-station",
            "stopCodeNorth": "40_E23-T2",
            "stopCodeSouth": "40_E23-T1"
        }, "geometry":{"type":"Point","coordinates":[-122.16725,47.62426]}
    },
    {
        "type": "Feature",
        "properties": {
            "name": "Overlake Village",
            "landmark": "\"Verdant\" foilage screens along bridge",
            "id": 262,
            "stationInfo": "https://www.soundtransit.org/ride-with-us/stops-stations/overlake-village-station",
            "stopCodeNorth": "40_E25-T2",
            "stopCodeSouth": "40_E25-T1"
        }, "geometry":{"type":"Point","coordinates":[-122.13851,47.637475]}
    },
    {
        "type": "Feature",
        "properties": {
            "name": "Redmond Technology",
            "landmark": "\"Move Your Boulder\" hands stacking rocks sculpture",
            "id": 263,
            "stationInfo": "https://www.soundtransit.org/ride-with-us/stops-stations/redmond-technology-station",
            "stopCodeNorth": "40_E27-T2",
            "stopCodeSouth": "40_E27-T1"
        }, "geometry":{"type":"Point","coordinates":[-122.13355,47.64569]}
    },
    {
        "type": "Feature",
        "properties": {
            "name": "Marymoor Village",
            "landmark": "\"Point of Connection\" mural along entrance to garage",
            "id": 264,
            "image_url": "/img/lrr26/marymoor_village.png",
            "stationInfo": "https://www.soundtransit.org/ride-with-us/stops-stations/marymoor-village-station",
            "stopCodeNorth": "40_E29-T2",
            "stopCodeSouth": "40_E29-T1"
        }, "geometry":{"type":"Point","coordinates":[-122.10822,47.6674]}
    },
    {
        "type": "Feature",
        "properties": {
            "name": "Downtown Redmond",
            "short_name": "DT Redmond",
            "landmark": "Plaza under platform, by entrance B",
            "id": 265,
            "stationInfo": "https://www.soundtransit.org/ride-with-us/stops-stations/downtown-redmond-station",
            "stopCodeNorth": "40_E31-T2",
            "stopCodeSouth": "40_E31-T1"
        }, "geometry":{"type":"Point","coordinates":[-122.11841,47.6717]}
    },
    {
        "type": "Feature",
        "properties": {
            "name": "Lynnwood City Center",
            "short_name": "Lynnwood",
            "landmark": "\"City Hummingbird\" sculpture",
            "image_url": "/img/lrr25/lynnwood_city_center.avif",
            "id": 1240,
            "stationInfo": "https://www.soundtransit.org/ride-with-us/stops-stations/lynnwood-city-center-station",
            "stopCodeNorth": "40_N23-T1",
            "stopCodeSouth": "40_N23-T2"
        }, "geometry":{"type":"Point","coordinates":[-122.29451,47.81596]}
    },
    {
        "type": "Feature",
        "properties": {
            "name": "Mountlake Terrace",
            "landmark": "\"ReforeStation\" orange paneling under platform near B entrance",
            "image_url": "/img/lrr25/mountlake_terrace.avif",
            "id": 1241,
            "stationInfo": "https://www.soundtransit.org/ride-with-us/stops-stations/mountlake-terrace-station",
            "stopCodeNorth": "40_N19-T1",
            "stopCodeSouth": "40_N19-T2"
        }, "geometry":{"type":"Point","coordinates":[-122.31467,47.78477]}
    },
    {
        "type": "Feature",
        "properties": {
            "name": "Shoreline North/185th",
            "landmark": "\"Octavia\u2019s Garden\" neon squiggly sculpture",
            "image_url": "/img/lrr25/shoreline_north.avif",
            "id": 1242,
            "stationInfo": "https://www.soundtransit.org/ride-with-us/stops-stations/shoreline-north-185th-station",
            "stopCodeNorth": "40_N17-T1",
            "stopCodeSouth": "40_N17-T2"
        }, "geometry":{"type":"Point","coordinates":[-122.32277,47.76345]}
    },
    {
        "type": "Feature",
        "properties": {
            "name": "Shoreline South/148th",
            "landmark": "Big Dipper on garage, part of \"Flow\" sculpture",
            "image_url": "/img/lrr25/shoreline_south.avif",
            "id": 1243,
            "stationInfo": "https://www.soundtransit.org/ride-with-us/stops-stations/shoreline-south-148th-station",
            "stopCodeNorth": "40_N15-T1",
            "stopCodeSouth": "40_N15-T2"
        }, "geometry":{"type":"Point","coordinates":[-122.32408,47.73549]}
    },
    {
        "type": "Feature",
        "properties": {
            "name": "Pinehurst",
            "id": 1244,
            "stationInfo": "https://www.soundtransit.org/system-expansion/ne-130th-st-infill-station"
        }, "geometry":{"type":"Point","coordinates":[-122.323782,47.723649]}
    },
    {
        "type": "Feature",
        "properties": {
            "name": "Northgate",
            "landmark": "\"Understory\" steel tree sculpture",
            "image_url": "/img/lrr25/northgate.avif",
            "id": 1245,
            "stationInfo": "https://www.soundtransit.org/ride-with-us/stops-stations/northgate-station",
            "stopCodeNorth": "40_990006",
            "stopCodeSouth": "40_990005"
        }, "geometry":{"type":"Point","coordinates":[-122.328116,47.7021913]}
    },
    {
        "type": "Feature",
        "properties": {
            "name": "Roosevelt",
            "landmark": "\"Building Blocks\" yellow tower sculpture",
            "image_url": "/img/lrr25/roosevelt.avif",
            "id": 1246,
            "stationInfo": "https://www.soundtransit.org/ride-with-us/stops-stations/roosevelt-station",
            "stopCodeNorth": "40_990004",
            "stopCodeSouth": "40_990003"
        }, "geometry":{"type":"Point","coordinates":[-122.3159,47.67646]}
    },
    {
        "type": "Feature",
        "properties": {
            "name": "U District",
            "landmark": "B-entrance huge U District sign",
            "image_url": "/img/lrr25/u_district.avif",
            "id": 1247,
            "stationInfo": "https://www.soundtransit.org/ride-with-us/stops-stations/u-district-station",
            "stopCodeNorth": "40_990002",
            "stopCodeSouth": "40_990001"
        }, "geometry":{"type":"Point","coordinates":[-122.31425,47.65987]}
    },
    {
        "type": "Feature",
        "properties": {
            "name": "University of Washington",
            "image_url": "/img/lrr25/university_of_washington.avif",
            "id": 1248,
            "stationInfo": "https://www.soundtransit.org/ride-with-us/stops-stations/university-washington-station",
            "landmark": "North entrance, bridge level view of Husky Stadium",
            "stopCodeNorth": "40_99605",
            "stopCodeSouth": "40_99604"
        }, "geometry":{"type":"Point","coordinates":[-122.30386,47.65009]}
    },
    {
        "type": "Feature",
        "properties": {
            "name": "Capitol Hill",
            "landmark": "\"andimgonnamisseverybody\" sculpture, AIDS Memorial Pathway",
            "image_url": "/img/lrr25/capitol_hill.avif",
            "id": 1249,
            "stationInfo": "https://www.soundtransit.org/ride-with-us/stops-stations/capitol-hill-station",
            "stopCodeNorth": "40_99603",
            "stopCodeSouth": "40_99610"
        }, "geometry":{"type":"Point","coordinates":[-122.32017,47.61908]}
    },
    {
        "type": "Feature",
        "properties": {
            "name": "Westlake",
            "landmark": "A2-entrance, street level, Monorail sign",
            "image_url": "/img/lrr25/westlake.avif",
            "id": 1250,
            "stationInfo": "https://www.soundtransit.org/ride-with-us/stops-stations/westlake-station",
            "stopCodeNorth": "40_1121",
            "stopCodeSouth": "40_1108"
        }, "geometry":{"type":"Point","coordinates":[-122.33672,47.61184]}
    },
    {
        "type": "Feature",
        "properties": {
            "name": "Symphony",
            "landmark": "B-entrance, street level Benaroya Hall sign",
            "image_url": "/img/lrr25/symphony.avif",
            "id": 1251,
            "stationInfo": "https://www.soundtransit.org/ride-with-us/stops-stations/university-street-station",
            "stopCodeNorth": "40_565",
            "stopCodeSouth": "40_455"
        }, "geometry":{"type":"Point","coordinates":[-122.33693,47.60761]}
    },
    {
        "type": "Feature",
        "properties": {
            "name": "Pioneer Square",
            "landmark": "Large cable car wheel on mezzanine, through C-entrance",
            "image_url": "/img/lrr25/pioneer_square.avif",
            "id": 1252,
            "stationInfo": "https://www.soundtransit.org/ride-with-us/stops-stations/pioneer-square-station",
            "stopCodeNorth": "40_532",
            "stopCodeSouth": "40_501"
        }, "geometry":{"type":"Point","coordinates":[-122.33095,47.60198]}
    },
    {
        "type": "Feature",
        "properties": {
            "name": "International District/Chinatown",
            "short_name": "Int'l District/Chinatown",
            "landmark": "Plaza across from Historic Chinatown Gate",
            "image_url": "/img/lrr25/international_district.avif",
            "id": 1253,
            "stationInfo": "https://www.soundtransit.org/ride-with-us/stops-stations/international-district-chinatown-station",
            "stopCodeNorth": "40_621",
            "stopCodeSouth": "40_623"
        }, "geometry":{"type":"Point","coordinates":[-122.32783,47.59838]}
    }
]}
